,count,unique,top,freq,mean,std,min,25%,50%,75%,max
Locality,42372,1,Unknown,42372,,,,,,,
City,42372,1,Unknown,42372,,,,,,,
State,42372,1,Unknown,42372,,,,,,,
Urban_Rural,42372,1,Unknown,42372,,,,,,,
Consumer_Type,42372,1,Unknown,42372,,,,,,,
CONS_NO,42372,42372,0387DD8A07E07FDA6271170F86AD9151,1,,,,,,,
2014-01-02,42372.0,,,,8.086943736429717,68.38362232721899,0.0,0.0,3.62,8.93,10440.0
2014-01-03,42372.0,,,,7.8716815900113675,68.69749760695872,0.0,0.0,3.45,8.64,10440.0
2014-01-04,42372.0,,,,8.197614776242284,74.96713989755132,0.0,0.0,3.6,8.8,10440.0
2014-01-05,42372.0,,,,8.293446008352555,71.9238934981491,0.0,0.01,3.72,9.16,10440.0
2014-01-06,42372.0,,,,8.01624339735889,70.61441587511435,0.0,0.0,3.6,8.78,10440.0
2014-01-07,42372.0,,,,8.219095775508999,81.44897513079749,0.0,0.0,3.47,8.64,10440.0
2014-01-08,42372.0,,,,7.97401624870311,69.75710386116378,0.0,0.0,3.51,8.622499999999999,10440.0
2014-01-09,42372.0,,,,8.031551215941214,71.31998078372423,0.0,0.0,3.47,8.73,10440.0
2014-01-10,42372.0,,,,8.030762526047248,71.43522992115197,0.0,0.0,3.33,8.68,10440.0
2014-01-11,42372.0,,,,7.9267193284595265,70.86735606989369,0.0,0.0,3.35,8.73,10440.0
2014-01-12,42372.0,,,,8.110359506686017,68.91450372312089,0.0,0.0,3.61,9.08,10440.0
2014-01-13,42372.0,,,,10.209262602247858,455.28625454598955,0.0,0.0,3.66,8.99,92713.9
2014-01-14,42372.0,,,,8.193444449107723,69.71246803826027,0.0,0.0,3.59,9.08,10440.0
2014-01-15,42372.0,,,,8.269842683898306,70.2932338935145,0.0,0.0,3.68,9.19,10440.0
2014-01-16,42372.0,,,,8.16028816687165,70.40784256056178,0.0,0.0,3.52,9.11,10440.0
2014-01-17,42372.0,,,,7.964870804097802,68.43382887909249,0.0,0.0,3.56,8.91,10440.0
2014-01-18,42372.0,,,,8.095471802505868,69.48365093926299,0.0,0.0,3.61,9.08,10440.0
2014-01-19,42372.0,,,,7.973855770799707,69.43964454759103,0.0,0.0,3.49,9.0,10440.0
2014-01-20,42372.0,,,,7.952553512708934,68.88984474344929,0.0,0.0,3.54,8.94,10440.0
2014-01-21,42372.0,,,,8.174071274169302,68.37053610608014,0.0,0.0,3.76,9.26,10440.0
2014-01-22,42372.0,,,,8.298193391100268,70.09007482884893,0.0,0.0,3.76,9.33,10440.0
2014-01-23,42372.0,,,,8.250861491078263,67.87338241713896,0.0,0.0,3.8,9.42,10440.0
2014-01-24,42372.0,,,,8.107098104948014,67.24486180838147,0.0,0.0,3.77,9.27,10440.0
2014-01-25,42372.0,,,,20.15946978442713,2502.690451896246,0.0,0.0,3.8,9.3,514991.78
2014-01-26,42372.0,,,,8.06863797204982,67.61363336301827,0.0,0.0,3.78,9.26,10440.0
2014-01-27,42372.0,,,,7.992550094346349,67.43074444447338,0.0,0.0,3.71,9.31,10440.0
2014-01-28,42372.0,,,,7.771714033880678,65.81840210520082,0.0,0.0,3.63,9.16,10440.0
2014-01-29,42372.0,,,,7.832641801590543,65.77972338090419,0.0,0.0,3.62,9.47,10440.0
2014-01-30,42372.0,,,,8.080934166541171,65.24988652043572,0.0,0.0,3.56,10.28,10440.0
2014-01-31,42372.0,,,,7.316395322202648,65.41886387014021,0.0,0.0,3.25,8.87,10440.0
2014-02-01,42372.0,,,,7.4229252732950695,65.58806286713319,0.0,0.0,3.44,8.85,10440.0
2014-02-02,42372.0,,,,7.2745012453447275,65.42279589701432,0.0,0.0,3.36,8.61,10440.0
2014-02-03,42372.0,,,,7.407940948159984,65.62202553841256,0.0,0.0,3.43,8.74,10440.0
2014-02-04,42372.0,,,,7.541041275916239,65.7294142185171,0.0,0.0,3.52,8.9,10440.0
2014-02-05,42372.0,,,,7.721698789425178,66.27338537155902,0.0,0.0,3.52,9.06,10440.0
2014-02-06,42372.0,,,,7.821410395259236,66.22453437735138,0.0,0.0,3.74,9.21,10440.0
2014-02-07,42372.0,,,,7.854836070196075,66.45444532363757,0.0,0.0,3.71,9.19,10440.0
2014-02-08,42372.0,,,,8.047018707277728,66.79445440851843,0.0,0.00975,3.84,9.38,10440.0
2014-02-09,42372.0,,,,8.209269549778051,67.05065227518259,0.0,0.0,3.87,9.6,10440.0
2014-02-10,42372.0,,,,8.454121638384297,67.45192745608392,0.0,0.01,4.01,9.78,10440.0
2014-02-11,42372.0,,,,8.371095883131387,66.61895998834721,0.0,0.0,3.9,9.77,10440.0
2014-02-12,42372.0,,,,8.396548570515801,66.91154186633966,0.0,0.0,3.9,9.79,10440.0
2014-02-13,42372.0,,,,8.554093462872622,68.35319474666564,0.0,0.0,3.89,9.82,10440.0
2014-02-14,42372.0,,,,8.443601444061693,66.91170266866155,0.0,0.0,3.92,9.93,10440.0
2014-02-15,42372.0,,,,8.439106073981055,66.65750116611163,0.0,0.0,3.91,9.81,10440.0
2014-02-16,42372.0,,,,8.383637891665924,67.19111558059366,0.0,0.0,3.88,9.71,10440.0
2014-02-17,42372.0,,,,8.091029687638342,68.15520806191691,0.0,0.0,3.72,9.14,10440.0
2014-02-18,42372.0,,,,7.960690626580527,68.27805129306442,0.0,0.0,3.51,8.93,10440.0
2014-02-19,42372.0,,,,8.162345307843681,67.62008210845035,0.0,0.0,3.75,9.25,10440.0
2014-02-20,42372.0,,,,8.349090958466146,67.36160505304458,0.0,0.39,3.99,9.41,10440.0
2014-02-21,42372.0,,,,8.523871960248824,68.92372839275096,0.0,0.47,4.1,9.36,10440.0
2014-02-22,42372.0,,,,8.51237349075308,69.6062804625569,0.0,0.5,4.13,9.4,10440.0
2014-02-23,42372.0,,,,8.452802390100302,68.76647076587238,0.0,0.52,4.15,9.36,10440.0
2014-02-24,42372.0,,,,8.12065212708661,66.64189398835988,0.0,0.53,4.05,9.0,10440.0
2014-02-25,42372.0,,,,8.222563233800878,68.9411426818319,0.0,0.54,4.07,8.91,10440.0
2014-02-26,42372.0,,,,8.226624481644716,68.81532256423503,0.0,0.53,4.08,8.89,10440.0
2014-02-27,42372.0,,,,9.054015421388488,75.67157787689216,0.0,0.55,4.09,8.9,10440.0
2014-02-28,42372.0,,,,9.720623979464728,87.34642992675921,0.0,0.56,4.11,8.9,10440.0
2014-03-01,42372.0,,,,8.27930347191965,67.5288481961903,0.0,0.58,4.2,9.08,10440.0
2014-03-02,42372.0,,,,8.545584008565179,68.3712598779019,0.0,0.59,4.34,9.44,10440.0
2014-03-03,42372.0,,,,8.442541581851795,68.78297105438438,0.0,0.59,4.225,9.22,10440.0
2014-03-04,42372.0,,,,8.718735862395194,75.65158817931393,0.0,0.59,4.23,9.25,10440.0
2014-03-05,42372.0,,,,8.775280608550167,71.7710270850871,0.0,0.59,4.27,9.35,10440.0
2014-03-06,42372.0,,,,8.76613640074109,70.25891122278968,0.0,0.59,4.33,9.56,10440.0
2014-03-07,42372.0,,,,8.879425221283396,71.55668513270263,0.0,0.59,4.35,9.64,10440.0
2014-03-08,42372.0,,,,9.015238533969644,71.3121312679193,0.0,0.59,4.45,9.91,10440.0
2014-03-09,42372.0,,,,8.982969409212725,69.44827738862847,0.0,0.59,4.5,10.05,10440.0
2014-03-10,42372.0,,,,8.672449532596998,67.71439192442364,0.0,0.59,4.35,9.588589552238805,10440.0
2014-03-11,42372.0,,,,8.763960161516083,68.52286978877564,0.0,0.59,4.37,9.6,10440.0
2014-03-12,42372.0,,,,8.983323332986243,75.34908533432527,0.0,0.5901704545454546,4.34,9.612499999999999,10440.0
2014-03-13,42372.0,,,,8.758082702753963,70.8639506077776,0.0,0.59,4.27,9.33,10440.0
2014-03-14,42372.0,,,,9.082144921560833,77.37261106602807,0.0,0.59,4.27,9.28,10440.0
2014-03-15,42372.0,,,,8.94524747460909,71.63161025821432,0.0,0.59,4.3,9.42,10440.0
2014-03-16,42372.0,,,,15.537060399420886,205.55620481313994,0.0,0.59,4.38,9.64,17812.3
2014-03-17,42372.0,,,,15.064242165637543,189.46986831952273,0.0,0.59,4.19,9.0825,11534.39
2014-03-18,42372.0,,,,11.946015439322931,284.8243754659792,0.0,0.59,4.16,8.93,53532.0
2014-03-19,42372.0,,,,10.945356258779418,167.82422886951386,0.0,0.585,4.12,8.82,26767.505
2014-03-20,42372.0,,,,8.774899332905402,82.69124353817318,0.0,0.59,4.1,8.79,10440.0
2014-03-21,42372.0,,,,8.768428210404307,82.88476267782839,0.0,0.5727649253731343,4.14,8.95,10440.0
2014-03-22,42372.0,,,,8.800976324388902,80.7482107222794,0.0,0.56,4.16,9.11,10440.0
2014-03-23,42372.0,,,,8.781195310067696,78.06384525959272,0.0,0.5897916666666667,4.22,9.25,10440.0
2014-03-24,42372.0,,,,8.522501227083339,77.12506713517814,0.0,0.57,4.09,8.79,10440.0
2014-03-25,42372.0,,,,8.604433282896139,79.31058432849342,0.0,0.57,4.09,8.77,10440.0
2014-03-26,42372.0,,,,8.45164408158009,76.74102662108734,0.0,0.58,4.08,8.66,10440.0
2014-03-27,42372.0,,,,10.739603160342119,140.18132649280614,0.0,0.59,4.05,8.56,10917.35
2014-03-28,42372.0,,,,8.57507706436124,78.66560813226722,0.0,0.59,4.05,8.56,10440.0
2014-03-29,42372.0,,,,8.696525707730487,77.13356789148274,0.0,0.59,4.13,8.72,10440.0
2014-03-30,42372.0,,,,8.77543675791792,77.37634111406638,0.0,0.6,4.15,8.81,10440.0
2014-03-31,42372.0,,,,8.768808399902582,76.7324375536392,0.0,0.6,4.11,8.74,10440.0
2014-04-01,42372.0,,,,10.936763176625549,109.26309569371325,0.0,0.59,4.16,8.86,10440.0
2014-04-02,42372.0,,,,16.57703822029064,234.56009361925035,0.0,0.6,4.17,8.8925,18526.38
2014-04-03,42372.0,,,,15.32179781482864,248.46806929942375,0.0,0.6174999999999999,4.16,8.86,14425.34
2014-04-04,42372.0,,,,8.600619332027318,74.81925715223153,0.0,0.64,4.23,8.86,10440.0
2014-04-05,42372.0,,,,8.456107310408814,73.15987529328953,0.0,0.61,4.23,8.98,10440.0
2014-04-06,42372.0,,,,8.414730750724935,71.43521844378556,0.0,0.62,4.17,8.9325,10440.0
2014-04-07,42372.0,,,,8.597699772642246,71.91108774719771,0.0,0.61,4.25,9.16,10440.0
2014-04-08,42372.0,,,,8.51881141731814,73.0690112285,0.0,0.6,4.14,8.83,10440.0
2014-04-09,42372.0,,,,8.475200900961497,72.98160715418206,0.0,0.6,4.08,8.71,10440.0
2014-04-10,42372.0,,,,8.363030845127346,72.03903483165742,0.0,0.61,4.06,8.612499999999999,10440.0
2014-04-11,42372.0,,,,8.307608789757495,71.25961104640173,0.0,0.61,4.06,8.55,10440.0
2014-04-12,42372.0,,,,8.423940097643914,71.67123542523785,0.0,0.62,4.1,8.64,10440.0
2014-04-13,42372.0,,,,8.547676617789516,72.55356646413613,0.0,0.62,4.17,8.72,10440.0
2014-04-14,42372.0,,,,9.037825636142221,154.6993906195043,0.0,0.61,4.02,8.33,28006.91
2014-04-15,42372.0,,,,9.712239512763345,282.06118958670027,0.0,0.59,4.01,8.39,55964.07
2014-04-16,42372.0,,,,8.322643791080854,74.2053653832877,0.0,0.6,4.01,8.37,10440.0
2014-04-17,42372.0,,,,8.303194160617434,72.52303040682341,0.0,0.6030470588235294,4.04,8.39,10440.0
2014-04-18,42372.0,,,,8.460805712243845,74.61782063795314,0.0,0.62,4.04,8.38,10440.0
2014-04-19,42372.0,,,,8.456553046151535,73.32770981869567,0.0,0.61,4.08,8.47,10440.0
2014-04-20,42372.0,,,,8.244994660484197,69.2867806529574,0.0,0.6,4.096774193548386,8.55,10440.0
2014-04-21,42372.0,,,,8.207107041098565,71.32992900113632,0.0,0.5853858024691359,3.97,8.25,10440.0
2014-04-22,42372.0,,,,8.296131266550267,73.04847662652689,0.0,0.59,3.94,8.32,10440.0
2014-04-23,42372.0,,,,8.307942036686415,72.73747578005113,0.0,0.58,3.97,8.44,10440.0
2014-04-24,42372.0,,,,8.332735426710038,72.59907138113583,0.0,0.55,3.94,8.42,10440.0
2014-04-25,42372.0,,,,8.292572364570713,71.69477669059786,0.0,0.5841071428571428,4.01,8.45375,10440.0
2014-04-26,42372.0,,,,8.287009072649163,70.75286265291834,0.0,0.59,4.07,8.61,10440.0
2014-04-27,42372.0,,,,8.31263749839787,69.70096128977721,0.0,0.6,4.14,8.65,10440.0
2014-04-28,42372.0,,,,8.082674916764306,67.48073731236859,0.0,0.6,3.98,8.2625,10440.0
2014-04-29,42372.0,,,,8.519782874058597,81.62181603806495,0.0,0.59,3.96,8.3,10440.0
2014-04-30,42372.0,,,,8.66944011887851,82.04120822711637,0.0,0.6,4.04,8.45,10440.0
2014-05-01,42372.0,,,,8.513507542285677,76.78766285997239,0.0,0.57,4.05,8.62,10440.0
2014-05-02,42372.0,,,,8.830129885137364,147.44438766532662,0.0,0.59,4.02,8.5,26857.59
2014-05-03,42372.0,,,,8.741591399640635,119.1135923166605,0.0,0.6192857142857143,4.1,8.51,20143.545
2014-05-04,42372.0,,,,8.609427289817864,98.27591179027371,0.0,0.61,4.03,8.37,13429.5
2014-05-05,42372.0,,,,8.409006757630715,80.24179472700673,0.0,0.6,4.01,8.36,10440.0
2014-05-06,42372.0,,,,14.379019175801975,1145.8842507091906,0.0,0.6,3.99,8.41,233696.4
2014-05-07,42372.0,,,,20.615804030234948,2285.2143415706446,0.0,0.59,4.05,8.54,466714.4
2014-05-08,42372.0,,,,8.334136876088673,73.55388738599645,0.0,0.6,4.03,8.45,10440.0
2014-05-09,42372.0,,,,8.338522908085965,73.24312926145264,0.0,0.59,4.03,8.44,10440.0
2014-05-10,42372.0,,,,8.342489236968584,71.51399678427427,0.0,0.59,4.1,8.68,10440.0
2014-05-11,42372.0,,,,8.44090383989806,70.41515692390745,0.0,0.61,4.22,8.8525,10440.0
2014-05-12,42372.0,,,,9.495009650285402,171.49124240761114,0.0,0.61,4.08,8.48,29910.91
2014-05-13,42372.0,,,,8.399684231664214,74.40338507368169,0.0,0.62,4.09,8.5,10440.0
2014-05-14,42372.0,,,,8.541437630470787,77.27700371745334,0.0,0.62,4.16,8.66,10440.0
2014-05-15,42372.0,,,,8.382562399934688,72.2559464508621,0.0,0.59,4.1,8.47,10440.0
2014-05-16,42372.0,,,,8.175524948287073,68.40524665769526,0.0,0.6,4.04,8.36,10440.0
2014-05-17,42372.0,,,,8.344236136311974,68.30803428859468,0.0,0.6,4.15,8.65,10440.0
2014-05-18,42372.0,,,,8.384882580256178,67.09128725962275,0.0,0.62,4.21,8.81,10440.0
2014-05-19,42372.0,,,,8.268291375523898,68.84638266074792,0.0,0.61,4.08,8.49,10440.0
2014-05-20,42372.0,,,,8.514431017607643,71.79513498584141,0.0,0.62,4.12,8.63,10440.0
2014-05-21,42372.0,,,,8.330737511082667,70.89755472094687,0.0,0.62,4.03,8.42,10440.0
2014-05-22,42372.0,,,,8.162801630367696,69.42436822483533,0.0,0.59,3.99,8.38,10440.0
2014-05-23,42372.0,,,,8.838626943099685,104.56728421043243,0.0,0.59,4.03,8.42,11020.26
2014-05-24,42372.0,,,,8.339545350325038,69.93003294038837,0.0,0.6,4.14,8.63,10440.0
2014-05-25,42372.0,,,,8.507314608220419,66.78154213392129,0.0,0.63,4.28,8.92108024691358,10440.0
2014-05-26,42372.0,,,,8.50180632922594,68.25766149177385,0.0,0.64,4.16,8.73,10440.0
2014-05-27,42372.0,,,,8.610883446237763,67.93797013797179,0.0,0.65,4.23,8.84,10440.0
2014-05-28,42372.0,,,,8.756290932339923,69.6023490022737,0.0,0.6526162790697674,4.29,9.02,10440.0
2014-05-29,42372.0,,,,8.667446427130143,67.69700061638342,0.0,0.67,4.23,8.86,10440.0
2014-05-30,42372.0,,,,8.66070690700889,69.59551435316281,0.0,0.67,4.24,8.8525,10440.0
2014-05-31,42372.0,,,,8.600122082835822,69.47468319349558,0.0,0.64,4.28,8.95,10440.0
2014-06-01,42372.0,,,,8.866390343228534,68.84559471479703,0.0,0.65,4.46,9.35,10440.0
2014-06-02,42372.0,,,,9.115462162112774,66.86542372994111,0.0,0.68,4.69,9.97,10440.0
2014-06-03,42372.0,,,,8.777132712508815,67.41859305229275,0.0,0.68,4.35,9.09,10440.0
2014-06-04,42372.0,,,,8.928582315829809,67.96267180795196,0.0,0.69,4.37,9.19,10440.0
2014-06-05,42372.0,,,,9.057074927697744,71.93920771773698,0.0,0.69,4.37,9.21,10440.0
2014-06-06,42372.0,,,,8.663284446470666,67.861599343529,0.0,0.67,4.31,8.87,10440.0
2014-06-07,42372.0,,,,8.79372644278622,72.10564378244523,0.0,0.67,4.34,9.0425,10440.0
2014-06-08,42372.0,,,,8.818722266457472,72.12953455397607,0.0,0.67,4.33,9.0125,10440.0
2014-06-09,42372.0,,,,8.748091515088644,70.09569600193805,0.0,0.67,4.23,8.8,10440.0
2014-06-10,42372.0,,,,8.971458550000115,75.23304553824826,0.0,0.68,4.32,9.07,10440.0
2014-06-11,42372.0,,,,8.91053951795292,71.04702824808808,0.0,0.67,4.26,9.040784641068447,10440.0
2014-06-12,42372.0,,,,8.725321186105436,66.76178651738088,0.0,0.68,4.27,8.94,10440.0
2014-06-13,42372.0,,,,8.832237367411562,70.8205118820462,0.0,0.68,4.26,8.9,10440.0
2014-06-14,42372.0,,,,9.097427480028173,73.60173153796043,0.0,0.67,4.36,9.19,10440.0
2014-06-15,42372.0,,,,9.023049784420257,72.66372161567996,0.0,0.66,4.4,9.27,10440.0
2014-06-16,42372.0,,,,8.684591465763546,70.00073186082774,0.0,0.63,4.23,8.93,10440.0
2014-06-17,42372.0,,,,9.222387928299733,73.10791805687133,0.0,0.68,4.41,9.36,10440.0
2014-06-18,42372.0,,,,9.24807823366993,72.27460893875073,0.0,0.69,4.43,9.42,10440.0
2014-06-19,42372.0,,,,9.306535699613814,71.482406378911,0.0,0.68,4.46,9.57,10440.0
2014-06-20,42372.0,,,,9.512194106857127,71.98040486272075,0.0,0.68,4.53,9.710909090909091,10440.0
2014-06-21,42372.0,,,,9.841319364940839,71.60732324496651,0.0,0.68,4.68,10.2925,10440.0
2014-06-22,42372.0,,,,9.943623167680492,70.07079542578849,0.0,0.69,4.73,10.45,10440.0
2014-06-23,42372.0,,,,9.575063366523809,74.57729756692062,0.0,0.68,4.51,9.73,10440.0
2014-06-24,42372.0,,,,9.070558773630031,73.34773585352316,0.0,0.67,4.34,9.14,10440.0
2014-06-25,42372.0,,,,9.398252644983781,75.35174936242474,0.0,0.68,4.46,9.33,10440.0
2014-06-26,42372.0,,,,9.865077921489165,77.06630307435071,0.0,0.69,4.59,10.0,10440.0
2014-06-27,42372.0,,,,10.23923034520302,73.97128917457715,0.0,0.7,4.79,10.67,10440.0
2014-06-28,42372.0,,,,10.231120682882748,71.75290777965468,0.0,0.7,4.77,10.9,10440.0
2014-06-29,42372.0,,,,25.413709089977377,3175.4778254467906,0.0,0.69,4.715254237288136,10.56,653502.79
2014-06-30,42372.0,,,,17.93262409441421,1589.2098543990378,0.0,0.7,4.772882882882882,10.74,326753.54000000004
2014-07-01,42372.0,,,,10.617172852769077,73.35779367414193,0.0,0.73,4.91,11.3,10440.0
2014-07-02,42372.0,,,,10.88655176962696,71.31829462690108,0.0,0.71,4.99,11.86,10440.0
2014-07-03,42372.0,,,,11.213153068728278,75.43046171510902,0.0,0.72,5.03,12.08,10440.0
2014-07-04,42372.0,,,,11.139809915826806,73.01317726796263,0.0,0.7025,5.08,12.26,10440.0
2014-07-05,42372.0,,,,11.32495174867205,73.17892986491037,0.0,0.73,5.15,12.47,10440.0
2014-07-06,42372.0,,,,11.353136227969241,72.1597036249689,0.0,0.72,5.08,12.531828358208955,10440.0
2014-07-07,42372.0,,,,11.151146356712074,70.3288557100226,0.0,0.73,5.11,12.23,10440.0
2014-07-08,42372.0,,,,11.234277676105139,72.68849299135752,0.0,0.73,5.11,12.24,10440.0
2014-07-09,42372.0,,,,11.525493459524647,75.83758693036805,0.0,0.72,5.16,12.62,10440.0
2014-07-10,42372.0,,,,24.895327441610274,2694.9103899086226,0.0,0.74,5.27,13.12,554535.44
2014-07-11,42372.0,,,,33.43680613400425,3389.05742005593,0.0,0.73,5.25,13.17,640000.0
2014-07-12,42372.0,,,,23.524308207363582,2334.20972247984,0.0,0.73,5.28,13.39,480000.0
2014-07-13,42372.0,,,,19.756563180907015,1556.8468846129826,0.0,0.74,5.29,13.532499999999999,320000.0
2014-07-14,42372.0,,,,15.211555343848332,780.4058223956824,0.0,0.7375,5.16,12.79,160000.0
2014-07-15,42372.0,,,,11.303362379658605,72.44575271877493,0.0,0.71,5.1,12.44,10440.0
2014-07-16,42372.0,,,,11.802587430203355,82.89731510298472,0.0,0.71,5.21,12.71,10440.0
2014-07-17,42372.0,,,,11.77870569443669,78.82621909379282,0.0,0.73,5.23,12.76,10440.0
2014-07-18,42372.0,,,,11.448197098663021,74.1541574758881,0.0,0.71,5.16,12.547638888888889,10440.0
2014-07-19,42372.0,,,,11.107971328764435,73.51435753842239,0.0,0.72,5.13,12.23,10440.0
2014-07-20,42372.0,,,,11.135367734512695,72.99916418392054,0.0,0.7,5.14,12.44,10440.0
2014-07-21,42372.0,,,,11.303846383121218,71.29414789381306,0.0,0.72,5.17,12.56,10440.0
2014-07-22,42372.0,,,,11.302740667223613,71.43319156388954,0.0,0.72,5.13,12.56,10440.0
2014-07-23,42372.0,,,,10.284137527811678,74.21378355656128,0.0,0.6575,4.81,11.11,10440.0
2014-07-24,42372.0,,,,9.208812407450964,73.31322983971855,0.0,0.63,4.4,9.53,10440.0
2014-07-25,42372.0,,,,9.819716455417538,70.83810828763609,0.0,0.69,4.66,10.23,10440.0
2014-07-26,42372.0,,,,10.50738914377057,74.72371510291154,0.0,0.69,4.86,11.12,10440.0
2014-07-27,42372.0,,,,10.934513763626326,72.2708425035174,0.0,0.7,5.05,11.919594594594592,10440.0
2014-07-28,42372.0,,,,10.920118882115743,69.28025592348509,0.0,0.7,5.1,12.04,10440.0
2014-07-29,42372.0,,,,10.97610028825631,72.9534549489752,0.0,0.7,5.05,12.04,10440.0
2014-07-30,42372.0,,,,11.244284722189104,73.60413312544941,0.0,0.71,5.12,12.301847290640394,10440.0
2014-07-31,42372.0,,,,11.46549408274653,72.61138957710278,0.0,0.72,5.22,12.753563432835822,10440.0
2014-08-01,42372.0,,,,11.554929373642937,72.53133032704899,0.0,0.72,5.22,12.87,10440.0
2014-08-02,42372.0,,,,11.559681730793107,68.29141619630508,0.0,0.73,5.29,13.04,10440.0
2014-08-03,42372.0,,,,11.556797035420526,69.10515661931296,0.0,0.7393234836702954,5.26,13.022499999999999,10440.0
2014-08-04,42372.0,,,,11.479030680745014,70.53211538283131,0.0,0.75,5.23,12.73,10440.0
2014-08-05,42372.0,,,,11.684316436336038,74.29330501769567,0.0,0.72,5.24,12.9625,10440.0
2014-08-06,42372.0,,,,11.626517563861965,76.8937623775954,0.0,0.7331284916201117,5.3,12.89,10440.0
2014-08-07,42372.0,,,,11.660274788371774,76.1699298625817,0.0,0.76,5.29,12.88,10440.0
2014-08-08,42372.0,,,,11.72355946327788,76.9106167215309,0.0,0.77,5.35,12.94,10440.0
2014-08-09,42372.0,,,,11.609726576480567,73.2330680489464,0.0,0.7821571906354515,5.37,13.01,10440.0
2014-08-10,42372.0,,,,11.12013436611654,68.66584158161403,0.0,0.76,5.27,12.49,10440.0
2014-08-11,42372.0,,,,10.860600770223382,67.73216656124237,0.0,0.76,5.13,12.04,10440.0
2014-08-12,42372.0,,,,10.603846992670055,70.87608621239013,0.0,0.73,5.0,11.45,10440.0
2014-08-13,42372.0,,,,9.875704489614739,68.51208551659181,0.0,0.71,4.7,10.45,10440.0
2014-08-14,42372.0,,,,10.286282884163509,76.22297937952303,0.0,0.7,4.78,10.79,10440.0
2014-08-15,42372.0,,,,10.565063824885582,75.56212904637093,0.0,0.71,4.9,11.26,10440.0
2014-08-16,42372.0,,,,10.92508462734019,74.66260548363071,0.0,0.72,5.07,11.97,10440.0
2014-08-17,42372.0,,,,10.737930774530355,69.9267089929774,0.0,0.7,5.02,11.87,10440.0
2014-08-18,42372.0,,,,10.564727386694678,71.1290734530298,0.0,0.72,4.96,11.38,10440.0
2014-08-19,42372.0,,,,9.857038190532986,74.31387396440647,0.0,0.7,4.71,10.43,10440.0
2014-08-20,42372.0,,,,9.401155285211301,73.34772271859232,0.0,0.69,4.52,9.745309701492538,10440.0
2014-08-21,42372.0,,,,9.661963387621775,71.21648516260296,0.0,0.7,4.64,10.1,10440.0
2014-08-22,42372.0,,,,10.074740933712357,68.62570822236604,0.0,0.71,4.79,10.77,10440.0
2014-08-23,42372.0,,,,10.466991781983438,70.50003232362647,0.0,0.73,4.93,11.38,10440.0
2014-08-24,42372.0,,,,10.616122748259532,71.1558381607485,0.0,0.72,4.97,11.76,10440.0
2014-08-25,42372.0,,,,10.891296985756847,70.78171895551404,0.0,0.74,5.09,12.01,10440.0
2014-08-26,42372.0,,,,11.054388543836396,72.54907282436463,0.0,0.74,5.15,12.17,10440.0
2014-08-27,42372.0,,,,11.072005114683824,75.56101406778534,0.0,0.75,5.16,12.122499999999999,10440.0
2014-08-28,42372.0,,,,10.882663318766243,71.87291041142022,0.0,0.7,5.09,11.99,10440.0
2014-08-29,42372.0,,,,10.793436031419898,73.54491254201479,0.0,0.74,5.03,11.71,10440.0
2014-08-30,42372.0,,,,10.981276637161562,73.78900543570319,0.0,0.75,5.12,11.98,10440.0
2014-08-31,42372.0,,,,10.909719392985874,72.42124254058749,0.0,0.75,5.11,11.97,10440.0
2014-09-01,42372.0,,,,10.706162854433737,68.84021055640295,0.0,0.72,5.0,11.77,10440.0
2014-09-02,42372.0,,,,10.792221814415202,76.02093046871528,0.0,0.76,5.0,11.68,10440.0
2014-09-03,42372.0,,,,10.66405928669633,74.65117986337567,0.0,0.77,4.96,11.4525,10440.0
2014-09-04,42372.0,,,,10.182363130460358,74.52428965279427,0.0,0.75,4.78,10.68,10440.0
2014-09-05,42372.0,,,,10.15959472934655,69.90898023712727,0.0,0.77,4.82,10.72,10440.0
2014-09-06,42372.0,,,,10.838365295351949,78.11039423527203,0.0,0.76,5.06,11.64,10440.0
2014-09-07,42372.0,,,,11.115767582906743,72.8542673994279,0.0,0.77,5.18,12.23,10440.0
2014-09-08,42372.0,,,,11.210958454785986,67.0872587590962,0.0,0.75,5.39,12.94,10440.0
2014-09-09,42372.0,,,,11.067871149400816,68.3053988291841,0.0,0.78,5.19,12.34,10440.0
2014-09-10,42372.0,,,,11.141774641667698,71.72356690223943,0.0,0.78,5.14,12.26,10440.0
2014-09-11,42372.0,,,,11.010729981297395,76.51104618785745,0.0,0.78,5.12,11.98,10440.0
2014-09-12,42372.0,,,,11.325502964239774,85.76909628581036,0.0,0.77,5.1,11.94,10440.0
2014-09-13,42372.0,,,,11.756733723947256,94.09121392211209,0.0,0.73,5.14,12.47,10440.0
2014-09-14,42372.0,,,,11.489539524789073,89.63287025219137,0.0,0.74,5.09,12.04,10440.0
2014-09-15,42372.0,,,,10.685691764834568,83.60181283560931,0.0,0.75,4.82,11.02,10440.0
2014-09-16,42372.0,,,,10.78159754209716,80.76412061169333,0.0,0.76,4.89,11.22,10440.0
2014-09-17,42372.0,,,,10.835569810692874,77.43261332431608,0.0,0.72,4.9,11.33,10440.0
2014-09-18,42372.0,,,,10.97985315574819,75.42776243999148,0.0,0.76,4.98,11.72,10440.0
2014-09-19,42372.0,,,,10.708946985505072,74.3932618827391,0.0,0.77,4.92,11.36,10440.0
2014-09-20,42372.0,,,,9.685504906715462,75.34102479307404,0.0,0.721304347826087,4.63,10.14,10440.0
2014-09-21,42372.0,,,,8.89740726528076,71.81188303085622,0.0,0.71,4.4,9.24,10440.0
2014-09-22,42372.0,,,,9.74211306342491,215.55642030567884,0.0,0.71,4.3,8.92,42108.22315789474
2014-09-23,42372.0,,,,11.251693271533949,415.85494308598146,0.0,0.73,4.46,9.39,84213.50631578948
2014-09-24,42372.0,,,,12.550073224814339,617.9860013024025,0.0,0.76,4.56,9.77,126318.7894736842
2014-09-25,42372.0,,,,13.519498923122047,821.2743781591126,0.0,0.73,4.53,9.864814814814816,168424.07263157895
2014-09-26,42372.0,,,,14.417555506028371,1025.0460589886234,0.0,0.75,4.54,9.75,210529.3557894737
2014-09-27,42372.0,,,,15.835797480871937,1229.5976449827253,0.0,0.75,4.75,10.43,252634.6389473684
2014-09-28,42372.0,,,,16.802367515876195,1433.751686466023,0.0,0.74,4.66,10.25,294739.9221052632
2014-09-29,42372.0,,,,18.06013693836024,1637.8767366356542,0.0,0.78,4.83,10.69,336845.2052631579
2014-09-30,42372.0,,,,18.989876475185344,1842.5002863947088,0.0,0.79,4.8,10.465706659012628,378950.48842105264
2014-10-01,42372.0,,,,19.025199779992654,2046.6516401512415,0.0,0.72,4.49,9.62,421055.7715789474
2014-10-02,42372.0,,,,20.017007500058668,2250.986583069799,0.0,0.72,4.51,9.67,463161.0547368421
2014-10-03,42372.0,,,,20.673047952569284,2455.4770557904058,0.0,0.7925000000000001,4.465,9.178152985074625,505266.3378947369
2014-10-04,42372.0,,,,21.24400642455196,2659.940021171496,0.0,0.71,4.199264214046822,8.66,547371.6210526315
2014-10-05,42372.0,,,,22.08972242762822,2864.4657701257415,0.0,0.69,4.09,8.384066543438077,589476.9042105263
2014-10-06,42372.0,,,,22.980588485017712,3068.9651468891057,0.0,0.69,4.1,8.32,631582.187368421
2014-10-07,42372.0,,,,23.948548534047376,3273.555949595528,0.0,0.71,4.135,8.280270061728395,673687.4705263157
2014-10-08,42372.0,,,,24.83163146224306,3478.054109508718,0.0,0.7,3.97,8.01,715792.7536842105
2014-10-09,42372.0,,,,25.82876624687399,3682.4854608074183,0.0,0.6975,4.02,8.08,757898.0368421052
2014-10-10,42372.0,,,,26.92126599973604,3887.004225862164,0.0,0.66,4.03,8.136686692925164,800003.32
2014-10-11,42372.0,,,,17.69129486487816,1944.589416634938,0.0,0.71,4.13,8.31,400003.33
2014-10-12,42372.0,,,,8.314970656894122,72.0127800036356,0.0,0.71,4.16,8.49,10440.0
2014-10-13,42372.0,,,,8.096269563775161,69.0905235664001,0.0,0.71,4.060970149253731,8.2,10440.0
2014-10-14,42372.0,,,,7.948426130434403,71.82439136300971,0.0,0.69,3.99,8.05,10440.0
2014-10-15,42372.0,,,,7.916382807723903,73.70419555851274,0.0,0.68,3.95,8.02,10440.0
2014-10-16,42372.0,,,,7.897332318814689,73.55857449361237,0.0,0.67,3.97,8.03,10440.0
2014-10-17,42372.0,,,,7.826425540846634,74.33793634608104,0.0,0.66,3.95,8.04,10440.0
2014-10-18,42372.0,,,,7.971388220492407,72.95150582659578,0.0,0.67,4.04,8.160746268656716,10440.0
2014-10-19,42372.0,,,,8.024750227394088,73.98620924036283,0.0,0.68,4.08,8.3,10440.0
2014-10-20,42372.0,,,,8.00362657889471,70.79698262609504,0.0,0.69,4.03,8.13,10440.0
2014-10-21,42372.0,,,,8.220048292236173,73.9265847696301,0.0,0.7,4.12,8.29,10440.0
2014-10-22,42372.0,,,,8.057916465318614,70.61332313894421,0.0,0.69,4.04,8.105239689760609,10440.0
2014-10-23,42372.0,,,,8.079198247223948,81.31350971352353,0.0,0.69,4.0,8.07,10440.0
2014-10-24,42372.0,,,,7.945600929010772,71.7588410276613,0.0,0.69,4.02,8.04,10440.0
2014-10-25,42372.0,,,,8.01139172298819,72.23354120007983,0.0,0.68,4.07,8.23,10440.0
2014-10-26,42372.0,,,,8.146393690856247,72.42103890355077,0.0,0.68,4.15,8.350762331838565,10440.0
2014-10-27,42372.0,,,,8.030546584991194,73.09331771636548,0.0,0.69,4.03,8.08,10440.0
2014-10-28,42372.0,,,,8.087363817618193,79.21751441024902,0.0,0.69,3.997611940298508,8.04,10440.0
2014-10-29,42372.0,,,,8.89112024250011,119.23354072432623,0.0,0.69,3.99,8.115054347826087,10495.67
2014-10-30,42372.0,,,,8.569706425471024,95.9738264592731,0.0,0.6996108663729809,4.078333333333333,8.12,10440.0
2014-10-31,42372.0,,,,8.834902738421883,104.67376836699336,0.0,0.69,4.03,8.12,10440.0
2014-11-01,42372.0,,,,8.675158502830488,98.62511449582492,0.0,0.7,4.19,8.34994983277592,10440.0
2014-11-02,42372.0,,,,9.29082388240329,116.52701388326987,0.0,0.69,4.2,8.45,10440.0
2014-11-03,42372.0,,,,9.127313870961993,109.93653032096604,0.0,0.68,4.02,8.17,10440.0
2014-11-04,42372.0,,,,8.801288433350615,103.01117677049044,0.0,0.68,4.05,8.23,10440.0
2014-11-05,42372.0,,,,8.76454138377631,99.15333072802109,0.0,0.68,4.05,8.22,10440.0
2014-11-06,42372.0,,,,8.63117107603586,93.80391970702077,0.0,0.69,4.09,8.3,10440.0
2014-11-07,42372.0,,,,8.625563857458152,88.89642244112817,0.0,0.67,4.13,8.41,10440.0
2014-11-08,42372.0,,,,8.716786769651707,88.1073021638731,0.0,0.69,4.2,8.576294776119404,10440.0
2014-11-09,42372.0,,,,8.644087241020081,85.1621299831591,0.0,0.69,4.22,8.66011,10440.0
2014-11-10,42372.0,,,,8.314341263229469,78.47489048909974,0.0,0.68,4.1,8.31,10440.0
2014-11-11,42372.0,,,,8.443266104039285,83.34891232461676,0.0,0.689169708029197,4.1,8.36,10440.0
2014-11-12,42372.0,,,,8.42313870130053,79.46323140161459,0.0,0.68,4.17,8.54,10440.0
2014-11-13,42372.0,,,,8.407718861125964,80.62144720398004,0.0,0.67,4.16,8.535627413127413,10440.0
2014-11-14,42372.0,,,,8.401335429652942,78.97063264578172,0.0,0.68,4.17,8.57,10440.0
2014-11-15,42372.0,,,,8.364205367330895,75.08951748160825,0.0,0.68,4.25,8.7125,10440.0
2014-11-16,42372.0,,,,8.445458582117368,76.5745870150029,0.0,0.68,4.27,8.811308528428095,10440.0
2014-11-17,42372.0,,,,8.19261552355437,71.41810701989739,0.0,0.69,4.15,8.46,10440.0
2014-11-18,42372.0,,,,8.339499480878581,76.69261171938604,0.0,0.67,4.19,8.51,10440.0
2014-11-19,42372.0,,,,8.289449386939667,75.19018074161296,0.0,0.68,4.16,8.53,10440.0
2014-11-20,42372.0,,,,8.252212782121283,72.6552282702379,0.0,0.68,4.15,8.57,10440.0
2014-11-21,42372.0,,,,8.281678101010659,72.86420625799691,0.0,0.7,4.18,8.49,10440.0
2014-11-22,42372.0,,,,8.279582781711142,73.1997479522828,0.0,0.7,4.21,8.57,10440.0
2014-11-23,42372.0,,,,8.271780205231817,71.6442264964685,0.0,0.7,4.27,8.68,10440.0
2014-11-24,42372.0,,,,8.079563800276674,68.4690565378125,0.0,0.7,4.12,8.32,10440.0
2014-11-25,42372.0,,,,8.180162864353967,72.66407692977494,0.0,0.69,4.11,8.33,10440.0
2014-11-26,42372.0,,,,8.116813792114273,69.37724277718381,0.0,0.69,4.1,8.39,10440.0
2014-11-27,42372.0,,,,8.15045673891557,72.57233532775854,0.0,0.7,4.11,8.44,10440.0
2014-11-28,42372.0,,,,8.098635067760737,69.04757464048532,0.0,0.69,4.08,8.41,10440.0
2014-11-29,42372.0,,,,8.209474934547629,69.40770857903762,0.0,0.7,4.24,8.64,10440.0
2014-11-30,42372.0,,,,8.28717102272395,70.43173309403768,0.0,0.7,4.3,8.76,10440.0
2014-12-01,42372.0,,,,8.09835542808171,66.84466527180737,0.0,0.7,4.176666666666667,8.56,10440.0
2014-12-02,42372.0,,,,8.36103210980634,74.80525836638705,0.0,0.68,4.24,8.83,10440.0
2014-12-03,42372.0,,,,8.349029339484154,71.27233044827827,0.0,0.69,4.27,8.850074626865672,10440.0
2014-12-04,42372.0,,,,8.422930979757185,71.79790067757672,0.0,0.69,4.32,8.942499999999999,10440.0
2014-12-05,42372.0,,,,8.436417974953217,73.54698800803817,0.0,0.7,4.35,9.05,10440.0
2014-12-06,42372.0,,,,8.649262160410341,72.84794990287831,0.0,0.71,4.42,9.299138059701491,10440.0
2014-12-07,42372.0,,,,8.62157141489846,69.66146891945412,0.0,0.71,4.49,9.421305970149254,10440.0
2014-12-08,42372.0,,,,8.384933290154404,67.06717979435092,0.0,0.71,4.32,9.02,10440.0
2014-12-09,42372.0,,,,8.528195086331879,70.26380409652764,0.0,0.69,4.37,9.152910052910054,10440.0
2014-12-10,42372.0,,,,8.551364242077875,72.47248917960178,0.0,0.7,4.36,9.07,10440.0
2014-12-11,42372.0,,,,8.516907741773498,69.09084910453431,0.0,0.69,4.35,9.08,10440.0
2014-12-12,42372.0,,,,8.664510534580705,73.92716716783124,0.0,0.7097299382716049,4.42,9.25,10440.0
2014-12-13,42372.0,,,,8.711750046548422,72.83287480330253,0.0,0.69,4.51,9.44,10440.0
2014-12-14,42372.0,,,,8.783113276497017,68.0878784744442,0.0,0.69,4.58,9.74,10440.0
2014-12-15,42372.0,,,,8.516043413798599,66.72445751125767,0.0,0.69,4.41,9.26,10440.0
2014-12-16,42372.0,,,,8.676694275838415,73.5975480373029,0.0,0.69,4.45,9.28,10440.0
2014-12-17,42372.0,,,,8.798613442822498,71.74155452271854,0.0,0.7,4.51,9.551072319201996,10440.0
2014-12-18,42372.0,,,,8.901527576145147,70.91268824957056,0.0,0.7,4.58,9.69,10440.0
2014-12-19,42372.0,,,,8.99336782876153,73.04060671028253,0.0,0.72,4.64,9.80163179916318,10440.0
2014-12-20,42372.0,,,,8.975728742933413,74.63319502732381,0.0,0.72,4.63566765578635,9.8,10440.0
2014-12-21,42372.0,,,,9.171543652326992,71.31398873051009,0.0,0.75,4.91,10.18,10440.0
2014-12-22,42372.0,,,,8.957839874419745,66.77149934035688,0.0,0.75,4.82,10.0,10440.0
2014-12-23,42372.0,,,,9.044056327222854,75.14544501771722,0.0,0.72,4.63,9.75,10440.0
2014-12-24,42372.0,,,,8.76726072399024,72.08048767251093,0.0,0.71,4.5,9.5,10440.0
2014-12-25,42372.0,,,,8.860757000885789,73.35313561498651,0.0,0.716044776119403,4.525555555555555,9.51,10440.0
2014-12-26,42372.0,,,,8.822041133317635,72.78805365129325,0.0,0.71,4.57,9.585,10440.0
2014-12-27,42372.0,,,,8.862053531846211,73.68978876057517,0.0,0.69,4.57,9.662723880597014,10440.0
2014-12-28,42372.0,,,,9.06849917871326,72.23746275115452,0.0,0.7103470149253731,4.7057142857142855,10.029885398981323,10440.0
2014-12-29,42372.0,,,,8.762625396944152,67.50796603128492,0.0,0.71,4.57,9.58,10440.0
2014-12-30,42372.0,,,,8.903376185544428,75.32352289682053,0.0,0.71,4.55,9.63,10440.0
2014-12-31,42372.0,,,,8.941436786870021,72.86813787792155,0.0,0.72,4.61,9.65,10440.0
2015-01-01,42372.0,,,,9.196660839540337,78.74953653688499,0.0,0.7,4.68,9.96,10440.0
2015-01-02,42372.0,,,,8.992532810037892,68.20008374129031,0.0,0.7,4.67,9.99,10440.0
2015-01-03,42372.0,,,,9.021945561427126,66.73737699122321,0.0,0.73,4.72,10.12,10440.0
2015-01-04,42372.0,,,,9.429327931058378,91.89578136292138,0.0,0.73,4.59,9.66,10440.0
2015-01-05,42372.0,,,,9.59117506741527,112.04288799872008,0.0,0.73,4.56,9.64,13442.31
2015-01-06,42372.0,,,,8.803896000587875,72.95863630865027,0.0,0.72,4.51,9.47,10440.0
2015-01-07,42372.0,,,,8.912343227789723,73.10170203618229,0.0,0.7264341085271317,4.55,9.53,10440.0
2015-01-08,42372.0,,,,9.007188416587143,76.87002871431804,0.0,0.71,4.52,9.56,10440.0
2015-01-09,42372.0,,,,8.942033838277723,71.9772859027525,0.0,0.74,4.58912037037037,9.68,10440.0
2015-01-10,42372.0,,,,8.990212307072362,70.10481088857074,0.0,0.74,4.67,9.87,10440.0
2015-01-11,42372.0,,,,8.987414465658906,69.18908870048908,0.0,0.7264380832626348,4.7,9.99,10440.0
2015-01-12,42372.0,,,,8.919309644260009,68.11760595733053,0.0,0.73,4.62,9.76,10440.0
2015-01-13,42372.0,,,,9.153875815210245,71.19619346797677,0.0,0.7194126284875184,4.75,10.0,10440.0
2015-01-14,42372.0,,,,8.890004291512938,68.84316168112309,0.0,0.72,4.61,9.71,10440.0
2015-01-15,42372.0,,,,8.908148858425132,70.82431190978306,0.0,0.73,4.58,9.72,10440.0
2015-01-16,42372.0,,,,8.94849858280506,72.7376835228286,0.0,0.73,4.59,9.68,10440.0
2015-01-17,42372.0,,,,9.009637385433193,69.24715605379735,0.0,0.72,4.71,9.95,10440.0
2015-01-18,42372.0,,,,8.972455500644465,68.656028273676,0.0,0.71,4.66,10.04,10440.0
2015-01-19,42372.0,,,,8.805151793592103,68.42960226030198,0.0,0.72,4.58,9.69,10440.0
2015-01-20,42372.0,,,,8.93214369620559,72.6401441962615,0.0,0.75,4.63,9.76,10440.0
2015-01-21,42372.0,,,,8.81529168818477,70.56195409220594,0.0,0.73,4.59,9.630230547550433,10440.0
2015-01-22,42372.0,,,,8.77130148282852,69.04135029822865,0.0,0.73,4.57,9.61,10440.0
2015-01-23,42372.0,,,,8.829813279401648,71.51332056802909,0.0,0.73,4.57,9.633278985507246,10440.0
2015-01-24,42372.0,,,,8.92608098386259,72.61764505874633,0.0,0.73,4.6,9.75,10440.0
2015-01-25,42372.0,,,,8.822307118858003,67.6537396820008,0.0,0.72,4.670447530864198,9.89,10440.0
2015-01-26,42372.0,,,,8.62937492853648,67.38439664549172,0.0,0.73,4.53,9.49,10440.0
2015-01-27,42372.0,,,,8.75854434687014,68.63507613111173,0.0,0.72,4.56,9.6,10440.0
2015-01-28,42372.0,,,,8.88016329803985,67.58228238285875,0.0,0.75,4.63,9.83,10440.0
2015-01-29,42372.0,,,,8.733967196994872,66.77819650057603,0.0,0.72,4.569730941704036,9.6,10440.0
2015-01-30,42372.0,,,,9.031770721924648,72.58900451625784,0.0,0.75,4.69,9.836136363636363,10440.0
2015-01-31,42372.0,,,,9.233567940420487,71.71427990626565,0.0,0.735563430471967,4.79,10.2,10440.0
2015-02-01,42372.0,,,,9.211884356491128,68.68711543232845,0.0,0.75,4.83,10.34,10440.0
2015-02-02,42372.0,,,,8.969360181721425,66.80774604524909,0.0,0.76,4.72,10.09,10440.0
2015-02-03,42372.0,,,,8.940593392322551,68.3401187404526,0.0,0.78,4.71,9.89,10440.0
2015-02-04,42372.0,,,,9.023260724202377,65.98137397435345,0.0,0.77,4.82,10.156469594594594,10440.0
2015-02-05,42372.0,,,,9.128074478203144,66.49410943840515,0.0,0.77,4.84,10.264058973425556,10440.0
2015-02-06,42372.0,,,,9.121898989164952,66.91352526972103,0.0,0.77,4.87,10.27,10440.0
2015-02-07,42372.0,,,,9.090620694522187,66.11516642888338,0.0,0.77,4.84,10.31,10440.0
2015-02-08,42372.0,,,,8.970786865016166,65.2174370990834,0.0,0.77,4.84,10.282499999999999,10440.0
2015-02-09,42372.0,,,,9.101066376138913,65.70360923599416,0.0,0.79,4.89,10.34,10440.0
2015-02-10,42372.0,,,,9.205464238076217,67.00058988930188,0.0,0.79,4.91,10.41,10440.0
2015-02-11,42372.0,,,,9.028823849930868,66.02053651023488,0.0,0.77,4.87,10.25637858007261,10440.0
2015-02-12,42372.0,,,,8.90158489121818,65.35792596965412,0.0,0.78,4.92,10.22,10440.0
2015-02-13,42372.0,,,,8.772100259968749,64.97275405290164,0.0,0.77,4.874285714285714,10.14,10440.0
2015-02-14,42372.0,,,,8.706318506900095,64.8142097892501,0.0,0.76,4.88,10.07,10440.0
2015-02-15,42372.0,,,,8.71352321144641,64.76844656808491,0.0,0.76,4.9,10.18,10440.0
2015-02-16,42372.0,,,,8.606212939699313,64.44331518381307,0.0,0.75,4.9,10.19,10440.0
2015-02-17,42372.0,,,,8.7382277128942,64.19051896351449,0.0,0.73,4.98,10.56,10440.0
2015-02-18,42372.0,,,,9.460528601767166,64.07455762175572,0.0,0.68,5.47,12.1272413243075,10440.0
2015-02-19,42372.0,,,,8.286089164759515,63.92213428131433,0.0,0.59,4.78,10.16,10440.0
2015-02-20,42372.0,,,,8.288854302613373,64.08266150411988,0.0,0.5907232008614067,4.64,10.04,10440.0
2015-02-21,42372.0,,,,8.310786316566965,64.27924304968697,0.0,0.62,4.62,9.95,10440.0
2015-02-22,42372.0,,,,8.435214498113494,65.18646566079059,0.0,0.64,4.7,10.03,10440.0
2015-02-23,42372.0,,,,8.379715746311556,64.45510736994751,0.0,0.6645847143692728,4.71,10.0,10440.0
2015-02-24,42372.0,,,,8.291748938429606,64.10501272305173,0.0,0.7,4.69,9.82,10440.0
2015-02-25,42372.0,,,,8.269520556415973,64.22617513412638,0.0,0.71,4.69,9.75,10440.0
2015-02-26,42372.0,,,,8.35834100626958,64.31906377345564,0.0,0.75,4.76,9.81,10440.0
2015-02-27,42372.0,,,,8.461288282461764,64.67176599570574,0.0,0.76,4.76,9.85,10440.0
2015-02-28,42372.0,,,,8.424390539818289,64.71304159931834,0.0,0.77,4.75,9.75,10440.0
2015-03-01,42372.0,,,,8.564450437087396,64.80149019348335,0.0,0.78,4.76,9.92,10440.0
2015-03-02,42372.0,,,,8.54958825742647,65.4184475632718,0.0,0.78,4.8,9.83,10440.0
2015-03-03,42372.0,,,,8.614558779230975,66.38018661528729,0.0,0.8,4.78,9.79,10440.0
2015-03-04,42372.0,,,,8.876267013086364,66.9207785424156,0.0,0.7934591355348719,4.92,10.13,10440.0
2015-03-05,42372.0,,,,9.13457125862977,66.4246626102912,0.0,0.8,5.12,10.61,10440.0
2015-03-06,42372.0,,,,9.070241846008837,67.44422912580399,0.0,0.8076754385964913,4.98,10.32,10440.0
2015-03-07,42372.0,,,,8.996145802808712,67.72242355809651,0.0,0.79,4.89,10.2,10440.0
2015-03-08,42372.0,,,,9.00329996264238,67.6044095742081,0.0,0.79,4.83,10.17,10440.0
2015-03-09,42372.0,,,,8.610647755774597,66.72256912978573,0.0,0.78,4.67,9.6,10440.0
2015-03-10,42372.0,,,,8.813203189312992,68.22078764728063,0.0,0.78,4.69,9.8,10440.0
2015-03-11,42372.0,,,,9.000152740893888,68.23624088871487,0.0,0.77,4.8,10.03,10440.0
2015-03-12,42372.0,,,,8.868287258978793,67.75869119669419,0.0,0.78,4.73,9.92,10440.0
2015-03-13,42372.0,,,,8.69672462023964,67.31351389617876,0.0,0.77,4.68,9.63,10440.0
2015-03-14,42372.0,,,,8.657560260458153,68.1091105130285,0.0,0.77,4.63,9.57,10440.0
2015-03-15,42372.0,,,,8.645112905897992,67.78657347669692,0.0,0.76,4.64,9.62,10440.0
2015-03-16,42372.0,,,,8.432084976079699,67.48452460993782,0.0,0.76,4.45,9.14,10440.0
2015-03-17,42372.0,,,,8.470465829753051,68.57056025233382,0.0,0.76,4.48,9.11,10440.0
2015-03-18,42372.0,,,,8.352860648133095,67.75604252771078,0.0,0.77,4.44,9.0,10440.0
2015-03-19,42372.0,,,,8.3213601534097,68.04621403573023,0.0,0.78,4.408240740740741,8.87,10440.0
2015-03-20,42372.0,,,,8.298861615015172,67.35870752192513,0.0,0.8,4.39,8.83,10440.0
2015-03-21,42372.0,,,,8.39143641032192,67.1106686380459,0.0,0.79,4.51,9.13,10440.0
2015-03-22,42372.0,,,,8.378096105263005,66.35497823743883,0.0,0.78,4.53,9.253690144766146,10440.0
2015-03-23,42372.0,,,,8.410464344037134,66.93355939623282,0.0,0.76,4.49,9.2,10440.0
2015-03-24,42372.0,,,,8.541384581024692,68.34179328404237,0.0,0.75,4.5,9.26,10440.0
2015-03-25,42372.0,,,,8.639611697524273,68.09683520787597,0.0,0.76,4.56,9.47,10440.0
2015-03-26,42372.0,,,,8.698811920133315,67.7646443816077,0.0,0.75,4.6,9.54,10440.0
2015-03-27,42372.0,,,,8.500971376196066,66.5707088873368,0.0,0.76,4.5,9.31,10440.0
2015-03-28,42372.0,,,,8.443475772306899,66.15389753547635,0.0,0.77,4.51,9.25,10440.0
2015-03-29,42372.0,,,,8.488434148421481,67.43822850013643,0.0,0.75,4.49,9.24,10440.0
2015-03-30,42372.0,,,,8.202240621107702,65.64585425365861,0.0,0.7706521739130435,4.37,8.9,10440.0
2015-03-31,42372.0,,,,8.365805734489479,67.89776885110018,0.0,0.79,4.42,8.96,10440.0
2015-04-01,42372.0,,,,8.3250499185053,66.94669813728711,0.0,0.81,4.38,8.81,10440.0
2015-04-02,42372.0,,,,8.428852909637126,67.9886357464188,0.0,0.82,4.41,8.83,10440.0
2015-04-03,42372.0,,,,8.549218258433124,68.39129564941973,0.0,0.86,4.49,8.9,10440.0
2015-04-04,42372.0,,,,8.747626902167555,68.04946195864413,0.0,0.87,4.65,9.28,10440.0
2015-04-05,42372.0,,,,8.624801065049228,65.96150860788299,0.0,0.83,4.68,9.4,10440.0
2015-04-06,42372.0,,,,8.694056328932916,67.20110048188485,0.0,0.8413364553314121,4.65,9.31,10440.0
2015-04-07,42372.0,,,,8.219141224209665,67.21414230633437,0.0,0.79,4.36,8.74,10440.0
2015-04-08,42372.0,,,,8.414398308610473,67.71426761809626,0.0,0.77,4.416279069767442,9.05,10440.0
2015-04-09,42372.0,,,,8.4456718544648,67.84169371142707,0.0,0.74,4.4,9.14247685185185,10440.0
2015-04-10,42372.0,,,,8.496491025437672,67.1447262271769,0.0,0.77,4.49,9.241414281528685,10440.0
2015-04-11,42372.0,,,,8.662756938487998,68.22391169174995,0.0,0.75,4.58,9.48,10440.0
2015-04-12,42372.0,,,,8.573615899977925,67.48440861428946,0.0,0.74,4.54,9.42,10440.0
2015-04-13,42372.0,,,,8.32518918063734,67.43833044536656,0.0,0.74,4.3539814814814815,8.88015015015015,10440.0
2015-04-14,42372.0,,,,8.367083470671618,68.07620986245276,0.0,0.75,4.32,8.9,10440.0
2015-04-15,42372.0,,,,8.26899768518543,67.22526686537195,0.0,0.75,4.32,8.89,10440.0
2015-04-16,42372.0,,,,8.258933877549426,67.64069045959243,0.0,0.76,4.32,8.751999577398008,10440.0
2015-04-17,42372.0,,,,8.264551571864825,68.31841388788696,0.0,0.77,4.3,8.707345814977973,10440.0
2015-04-18,42372.0,,,,8.356557585801117,67.84163178933265,0.0,0.77,4.38,8.91,10440.0
2015-04-19,42372.0,,,,8.477244515301456,66.54441581528219,0.0,0.79,4.53,9.14,10440.0
2015-04-20,42372.0,,,,8.34122360348624,66.76525282566928,0.0,0.78,4.4,8.821401049147568,10440.0
2015-04-21,42372.0,,,,8.240756564943,67.03762326504703,0.0,0.77,4.35,8.77,10440.0
2015-04-22,42372.0,,,,8.182175833927115,67.29432259512839,0.0,0.74,4.29,8.66,10440.0
2015-04-23,42372.0,,,,8.203646295479114,67.64182263024624,0.0,0.74,4.29,8.64,10440.0
2015-04-24,42372.0,,,,8.206692772071781,67.72488937216332,0.0,0.7594495412844037,4.257716535433071,8.6,10440.0
2015-04-25,42372.0,,,,8.24742830336132,67.71459429941224,0.0,0.75,4.31,8.74,10440.0
2015-04-26,42372.0,,,,8.300289317744495,67.79089628448753,0.0,0.750236220472441,4.4,8.89,10440.0
2015-04-27,42372.0,,,,8.196371005893909,66.85800615350806,0.0,0.76,4.281048780487804,8.66,10440.0
2015-04-28,42372.0,,,,8.243615218495576,67.10987340978838,0.0,0.76,4.29,8.67,10440.0
2015-04-29,42372.0,,,,8.367584215435421,68.27768138746836,0.0,0.78,4.36,8.77,10440.0
2015-04-30,42372.0,,,,8.272660314227235,67.05300518338663,0.0,0.78,4.34,8.7,10440.0
2015-05-01,42372.0,,,,8.191333149992156,66.00276791764227,0.0,0.77,4.39,8.79,10440.0
2015-05-02,42372.0,,,,8.285146991417953,65.46410499387258,0.0,0.79,4.44,8.95,10440.0
2015-05-03,42372.0,,,,8.642981834248058,66.82442269282002,0.0,0.8393049327354261,4.63,9.20377704776143,10440.0
2015-05-04,42372.0,,,,8.30290834183072,66.51411048079444,0.0,0.81,4.37,8.72,10440.0
2015-05-05,42372.0,,,,8.233568160570975,67.49702324320943,0.0,0.77,4.31,8.65,10440.0
2015-05-06,42372.0,,,,8.286370508518027,68.2008763170353,0.0,0.77,4.31,8.741339956052006,10440.0
2015-05-07,42372.0,,,,8.294638821942144,67.59777926234668,0.0,0.78,4.32,8.69,10440.0
2015-05-08,42372.0,,,,8.232019335193378,67.66911181056564,0.0,0.78,4.28,8.578118492901346,10440.0
2015-05-09,42372.0,,,,8.348132653396338,66.77522926510123,0.0,0.78,4.43,8.89,10440.0
2015-05-10,42372.0,,,,8.304862835810214,66.77723816671826,0.0,0.78,4.39,8.83,10440.0
2015-05-11,42372.0,,,,8.278225034658922,66.62416990070977,0.0,0.79,4.33,8.7,10440.0
2015-05-12,42372.0,,,,8.249816023083916,67.03636197299714,0.0,0.77,4.28,8.59,10440.0
2015-05-13,42372.0,,,,8.350654893478314,67.75395302323484,0.0,0.78,4.29,8.613025755720878,10440.0
2015-05-14,42372.0,,,,8.546550900051374,67.55794362780262,0.0,0.81,4.42,8.88,10440.0
2015-05-15,42372.0,,,,8.883452478161999,68.40473817891318,0.0,0.82,4.5,9.18,10440.0
2015-05-16,42372.0,,,,9.169287206482124,67.6868588820716,0.0,0.83,4.72,9.71,10440.0
2015-05-17,42372.0,,,,8.83199959631984,67.94757918234895,0.0,0.8,4.6,9.33,10440.0
2015-05-18,42372.0,,,,8.816502990790484,67.69812617928159,0.0,0.83,4.54,9.14,10440.0
2015-05-19,42372.0,,,,8.930346163416585,69.34851359075816,0.0,0.82,4.552871621621621,9.237464183381087,10440.0
2015-05-20,42372.0,,,,8.640988036996326,68.45344794066159,0.0,0.8,4.43,8.95,10440.0
2015-05-21,42372.0,,,,8.238424156623632,67.92766510143466,0.0,0.755560538116592,4.28,8.613691207441208,10440.0
2015-05-22,42372.0,,,,8.168441195952012,66.62371484836298,0.0,0.75,4.26,8.61,10440.0
2015-05-23,42372.0,,,,8.256551400301953,66.84127760383465,0.0,0.75,4.37,8.8,10440.0
2015-05-24,42372.0,,,,8.413975354657717,66.99118079643749,0.0,0.77,4.47,9.012638888888889,10440.0
2015-05-25,42372.0,,,,8.21816260756358,66.77910790460372,0.0,0.76,4.29,8.590813253012048,10440.0
2015-05-26,42372.0,,,,8.306174659571681,67.64002639016039,0.0,0.77,4.33,8.68,10440.0
2015-05-27,42372.0,,,,8.449834538086797,68.02496535372019,0.0,0.78,4.39,8.77,10440.0
2015-05-28,42372.0,,,,8.738693855919907,68.09750504047318,0.0,0.8086111111111112,4.49,9.06,10440.0
2015-05-29,42372.0,,,,9.229083012910056,68.44069904162659,0.0,0.83,4.7,9.56,10440.0
2015-05-30,42372.0,,,,9.345910589263077,68.00107554645331,0.0,0.84,4.77,9.95,10440.0
2015-05-31,42372.0,,,,8.965961783269762,67.49866107993964,0.0,0.83,4.66,9.5,10440.0
2015-06-01,42372.0,,,,8.887610260918233,68.10123491699841,0.0,0.82,4.57,9.26,10440.0
2015-06-02,42372.0,,,,9.438608483139701,69.04776583787277,0.0,0.86,4.77,9.8,10440.0
2015-06-03,42372.0,,,,9.681744439365218,68.16662413577443,0.0,0.8756685906685907,4.83,10.173232754405523,10440.0
2015-06-04,42372.0,,,,8.765733726819724,66.96628303888602,0.0,0.81,4.55,9.200036674816626,10440.0
2015-06-05,42372.0,,,,8.786924781144334,67.34059586931915,0.0,0.83,4.573057851239669,9.2,10440.0
2015-06-06,42372.0,,,,8.573253907930017,67.24511364764871,0.0,0.8,4.466666666666667,9.0,10440.0
2015-06-07,42372.0,,,,8.865009344514146,66.92016944763702,0.0,0.83046875,4.64,9.37,10440.0
2015-06-08,42372.0,,,,9.355024729442544,68.13558718097471,0.0,0.85,4.72,9.747125,10440.0
2015-06-09,42372.0,,,,9.797084567121471,68.55464254270514,0.0,0.86,4.91,10.3,10440.0
2015-06-10,42372.0,,,,10.051466923903526,68.99789391648915,0.0,0.8736858475894246,4.94,10.66,10440.0
2015-06-11,42372.0,,,,10.049455875719907,69.53193793991584,0.0,0.85,4.88,10.544751333178763,10440.0
2015-06-12,42372.0,,,,9.768049468180482,67.56555298766129,0.0,0.86,4.87,10.4,10440.0
2015-06-13,42372.0,,,,10.168288122987299,68.0606422637952,0.0,0.8543918918918918,5.02,10.9,10440.0
2015-06-14,42372.0,,,,10.340131120806006,67.21345722804024,0.0,0.87,5.11,11.23,10440.0
2015-06-15,42372.0,,,,10.43392732919283,68.24287672540866,0.0,0.88,5.08,11.23,10440.0
2015-06-16,42372.0,,,,10.755775128720643,68.75966901399123,0.0,0.89,5.19,11.68,10440.0
2015-06-17,42372.0,,,,11.153672372598095,70.10586548640157,0.0,0.89,5.31,12.14625,10440.0
2015-06-18,42372.0,,,,11.21447459807826,70.43320286209553,0.0,0.9,5.36,12.26,10440.0
2015-06-19,42372.0,,,,10.43032870861583,69.06989713938519,0.0,0.9,5.21,11.3,10440.0
2015-06-20,42372.0,,,,9.97532118919341,66.9234179912786,0.0,0.84,5.1810572687224665,11.1,10440.0
2015-06-21,42372.0,,,,9.823606327347607,66.78507745200581,0.0,0.86,5.01,10.681326801607808,10440.0
2015-06-22,42372.0,,,,9.863593404886263,68.54207509543106,0.0,0.86,5.02,10.65,10440.0
2015-06-23,42372.0,,,,9.881981743028282,69.66468105180118,0.0,0.87,4.96,10.42,10440.0
2015-06-24,42372.0,,,,9.956515773962389,69.10695614428215,0.0,0.86,4.95,10.51,10440.0
2015-06-25,42372.0,,,,10.195598993112839,68.85897068990728,0.0,0.86,5.05,10.860199386503067,10440.0
2015-06-26,42372.0,,,,10.690920710092232,70.44321644190997,0.0,0.8696638650435198,5.186641791044776,11.39,10440.0
2015-06-27,42372.0,,,,11.209009599383283,69.39055887941365,0.0,0.88,5.37,12.290495577667219,10440.0
2015-06-28,42372.0,,,,11.45004555141935,68.53242488327281,0.0,0.9,5.4645748987854255,12.82,10440.0
2015-06-29,42372.0,,,,11.707369584223414,70.17919652506653,0.0,0.9,5.49,13.005768933539413,10440.0
2015-06-30,42372.0,,,,11.88119433577934,71.04730440460462,0.0,0.91,5.580250836120401,13.26,10440.0
2015-07-01,42372.0,,,,11.901537656828078,71.12622412328328,0.0,0.93,5.57,13.255791276985319,10440.0
2015-07-02,42372.0,,,,11.364833697752015,69.75302322586943,0.0,0.9,5.4,12.58,10440.0
2015-07-03,42372.0,,,,10.565134028374478,70.13710023701364,0.0,0.88,5.12,11.310514240506329,10440.0
2015-07-04,42372.0,,,,9.947162682986944,69.0477261896901,0.0,0.85,4.881203703703704,10.54,10440.0
2015-07-05,42372.0,,,,9.607163595368048,67.69581458630715,0.0,0.83,4.79,10.12,10440.0
2015-07-06,42372.0,,,,9.606994959918328,68.95142938321243,0.0,0.8310754929548215,4.73,10.0,10440.0
2015-07-07,42372.0,,,,9.214002029325682,68.53821891497185,0.0,0.82,4.62,9.55,10440.0
2015-07-08,42372.0,,,,9.111642358042753,69.23926559526063,0.0,0.82,4.59,9.42,10440.0
2015-07-09,42372.0,,,,9.091991197484129,68.22550048357324,0.0,0.78,4.54,9.44,10440.0
2015-07-10,42372.0,,,,10.08092826142631,70.06953700308607,0.0,0.85,4.95,10.58,10440.0
2015-07-11,42372.0,,,,10.885050557931946,69.8646119255012,0.0,0.8687603305785124,5.18,11.782349304482226,10440.0
2015-07-12,42372.0,,,,11.317359041505366,69.10937783634643,0.0,0.87,5.36,12.49,10440.0
2015-07-13,42372.0,,,,11.474912022495973,70.03772843824092,0.0,0.8719911380597015,5.45,12.7,10440.0
2015-07-14,42372.0,,,,11.450571654181756,70.86033830632893,0.0,0.89,5.46,12.57,10440.0
2015-07-15,42372.0,,,,11.219564302383127,71.3926061906263,0.0,0.87,5.34,12.24,10440.0
2015-07-16,42372.0,,,,11.240281527614084,71.40150389143267,0.0,0.8822972972972972,5.3638288288288285,12.23,10440.0
2015-07-17,42372.0,,,,11.055945763859606,71.0690799534762,0.0,0.87,5.29,11.982933742331285,10440.0
2015-07-18,42372.0,,,,11.029484153405951,70.21721860091361,0.0,0.88,5.313688760806916,12.05,10440.0
2015-07-19,42372.0,,,,10.785912802425019,69.2194189513661,0.0,0.87,5.26,11.84,10440.0
2015-07-20,42372.0,,,,9.624009116349795,68.6543579812149,0.0,0.81,4.86,10.27,10440.0
2015-07-21,42372.0,,,,9.316292044823886,69.65200594225342,0.0,0.8,4.69,9.69,10440.0
2015-07-22,42372.0,,,,9.268476123259777,69.0925532527011,0.0,0.8,4.68,9.67,10440.0
2015-07-23,42372.0,,,,9.173466567816051,68.5872442738766,0.0,0.7984978021978022,4.6,9.6,10440.0
2015-07-24,42372.0,,,,9.320770733041497,68.93049720113262,0.0,0.8,4.66,9.69,10440.0
2015-07-25,42372.0,,,,9.579113210521287,68.57582446293557,0.0,0.82,4.78,10.092771952817825,10440.0
2015-07-26,42372.0,,,,10.189543286475706,68.77577695411995,0.0,0.85,5.0,10.91,10440.0
2015-07-27,42372.0,,,,10.667076541474911,69.48489552894155,0.0,0.86,5.12,11.560454545454546,10440.0
2015-07-28,42372.0,,,,10.690527529993009,69.88651760944335,0.0,0.85,5.12,11.6,10440.0
2015-07-29,42372.0,,,,10.221167211922026,68.28193819184871,0.0,0.85,5.04,11.0,10440.0
2015-07-30,42372.0,,,,10.468623224935092,68.88178658409257,0.0,0.87,5.06,11.18,10440.0
2015-07-31,42372.0,,,,10.635997368532697,69.36913994714871,0.0,0.87,5.12,11.55,10440.0
2015-08-01,42372.0,,,,10.985188327756298,70.01342188677653,0.0,0.88,5.23,12.03,10440.0
2015-08-02,42372.0,,,,11.172720686681565,70.50561958070921,0.0,0.89,5.34,12.3,10440.0
2015-08-03,42372.0,,,,11.212668046133215,70.8120917908042,0.0,0.89,5.33,12.31,10440.0
2015-08-04,42372.0,,,,11.370419792760273,71.20314381307024,0.0,0.89,5.37,12.47,10440.0
2015-08-05,42372.0,,,,11.296875737178729,71.13723613449879,0.0,0.89,5.38,12.4,10440.0
2015-08-06,42372.0,,,,11.176444468338103,71.12091809940375,0.0,0.87,5.294666666666667,12.18,10440.0
2015-08-07,42372.0,,,,11.12031152258592,70.86599959706528,0.0,0.88,5.25,12.050934480676329,10440.0
2015-08-08,42372.0,,,,9.753180897402821,68.73099092922926,0.0,0.7696787709497207,4.76,10.64,10440.0
2015-08-09,42372.0,,,,9.078354610320254,67.90538896328218,0.0,0.72,4.52,9.63,10440.0
2015-08-10,42372.0,,,,9.347685008987133,68.76688748535565,0.0,0.78,4.63,9.78,10440.0
2015-08-11,42372.0,,,,9.720892584521257,68.66397612217666,0.0,0.85,4.81,10.1737893081761,10440.0
2015-08-12,42372.0,,,,10.138806959071168,69.62312030248304,0.0,0.84,4.89,10.73,10440.0
2015-08-13,42372.0,,,,10.27851120210881,70.25027882401729,0.0,0.86,4.99,10.93,10440.0
2015-08-14,42372.0,,,,9.892969442638007,69.83961905274653,0.0,0.85,4.86,10.42,10440.0
2015-08-15,42372.0,,,,9.796190426556993,69.38400031839491,0.0,0.84,4.85,10.329906832298137,10440.0
2015-08-16,42372.0,,,,9.891474274993065,68.83086212876148,0.0,0.85,4.88,10.43,10440.0
2015-08-17,42372.0,,,,10.048719089528344,68.67425435957232,0.0,0.85,4.91,10.604277788506636,10440.0
2015-08-18,42372.0,,,,9.797843685083132,69.81197519419753,0.0,0.84,4.83,10.244058441217543,10440.0
2015-08-19,42372.0,,,,9.678386099218464,69.48656333781805,0.0,0.8441581428257583,4.82,10.14,10440.0
2015-08-20,42372.0,,,,10.136044895978953,70.31686801400758,0.0,0.86,5.0,10.74,10440.0
2015-08-21,42372.0,,,,10.521400174703194,70.37298651447533,0.0,0.88,5.09,11.22885761589404,10440.0
2015-08-22,42372.0,,,,10.743886015401,69.97279107949514,0.0,0.88,5.19,11.65100665403632,10440.0
2015-08-23,42372.0,,,,10.878041043511747,69.93215033704539,0.0,0.8700559701492537,5.24,11.83,10440.0
2015-08-24,42372.0,,,,10.699782510049793,69.80674256532376,0.0,0.88,5.15,11.57,10440.0
2015-08-25,42372.0,,,,10.583216082229978,70.01581715392548,0.0,0.8751639064228541,5.11,11.33,10440.0
2015-08-26,42372.0,,,,10.520933702222633,69.83688703681688,0.0,0.9,5.16,11.340255255255254,10440.0
2015-08-27,42372.0,,,,10.20966483578858,69.05826069037013,0.0,0.9,5.116496598639456,10.99,10440.0
2015-08-28,42372.0,,,,9.67283496138521,67.9023400275286,0.0,0.87,4.99,10.289207283464567,10440.0
2015-08-29,42372.0,,,,9.294812256142423,67.98626372019085,0.0,0.85,4.768346456692913,9.810836688277737,10440.0
2015-08-30,42372.0,,,,9.023951629399871,68.33364001206658,0.0,0.84,4.7,9.52,10440.0
2015-08-31,42372.0,,,,8.790389452743991,68.14643439173192,0.0,0.81,4.5,9.14,10440.0
2015-09-01,42372.0,,,,8.777984550023685,68.07954221972982,0.0,0.8264253731343283,4.515220125786163,9.14,10440.0
2015-09-02,42372.0,,,,9.019133474009461,69.11136968453519,0.0,0.84,4.59,9.274313432835822,10440.0
2015-09-03,42372.0,,,,9.43177356326551,67.43058916706828,0.0,0.85,4.84,10.04,10440.0
2015-09-04,42372.0,,,,9.690808994336804,68.09515476358055,0.0,0.86,4.85,10.28,10440.0
2015-09-05,42372.0,,,,10.03527142111146,69.19868067825969,0.0,0.89,4.99,10.7,10440.0
2015-09-06,42372.0,,,,10.09668348013507,69.61882125860079,0.0,0.8996907698056802,4.96,10.69,10440.0
2015-09-07,42372.0,,,,9.469780488953267,69.12282963099753,0.0,0.85,4.7,9.912222222222223,10440.0
2015-09-08,42372.0,,,,9.363803487949554,68.85014250489543,0.0,0.85,4.66,9.72,10440.0
2015-09-09,42372.0,,,,9.27364082285501,68.72128293963321,0.0,0.84,4.62,9.607030431416405,10440.0
2015-09-10,42372.0,,,,9.204651660229262,68.40520858646477,0.0,0.85,4.59,9.52,10440.0
2015-09-11,42372.0,,,,9.108097927372205,68.1199330768884,0.0,0.84,4.55,9.42,10440.0
2015-09-12,42372.0,,,,9.217674897655238,67.88330114421188,0.0,0.83,4.674577464788732,9.632391591560426,10440.0
2015-09-13,42372.0,,,,8.869446012228947,67.37248662246517,0.0,0.84,4.54,9.31,10440.0
2015-09-14,42372.0,,,,8.786860203559261,68.13126938754407,0.0,0.83,4.3879012345679005,8.97,10440.0
2015-09-15,42372.0,,,,8.891221590470533,67.82904201587483,0.0,0.84,4.5,9.14,10440.0
2015-09-16,42372.0,,,,8.975591158671135,68.33102661624831,0.0,0.84,4.498484251968504,9.2,10440.0
2015-09-17,42372.0,,,,8.872119858201755,68.39679159775258,0.0,0.8127242152466367,4.43,9.06,10440.0
2015-09-18,42372.0,,,,8.908278416665159,68.37055665918507,0.0,0.8153862693260157,4.44,9.09,10440.0
2015-09-19,42372.0,,,,8.935596796572261,67.56231197659265,0.0,0.82,4.52,9.28,10440.0
2015-09-20,42372.0,,,,8.710550524538194,67.1027557856151,0.0,0.8,4.5,9.14,10440.0
2015-09-21,42372.0,,,,8.573269755933426,67.74751095138471,0.0,0.8,4.37,8.87,10440.0
2015-09-22,42372.0,,,,8.628082691412281,68.02706909048214,0.0,0.81,4.403731343283583,8.9,10440.0
2015-09-23,42372.0,,,,9.067280310388515,68.3428542017655,0.0,0.82,4.53,9.28,10440.0
2015-09-24,42372.0,,,,9.164051537786023,68.5002196178381,0.0,0.84,4.58,9.45,10440.0
2015-09-25,42372.0,,,,9.113474065963919,68.53289586932524,0.0,0.86,4.61,9.35,10440.0
2015-09-26,42372.0,,,,9.023722842741334,68.2890453947895,0.0,0.87,4.64,9.4,10440.0
2015-09-27,42372.0,,,,8.9326919548932,66.90083973923595,0.0,0.83,4.71,9.65,10440.0
2015-09-28,42372.0,,,,8.916826158870645,67.85552069673199,0.0,0.85,4.56,9.2,10440.0
2015-09-29,42372.0,,,,8.679637747116267,68.89683803460358,0.0,0.77,4.42,9.12,10440.0
2015-09-30,42372.0,,,,8.914424941688072,70.20428987712444,0.0,0.85,4.57,9.23,10440.0
2015-10-01,42372.0,,,,9.114076856443686,68.2882200868156,0.0,0.84,4.7,9.59,10440.0
2015-10-02,42372.0,,,,8.720483587865669,67.40679065887697,0.0,0.81,4.46,9.170489969135803,10440.0
2015-10-03,42372.0,,,,8.797343285038968,67.59130421218661,0.0,0.81,4.48,9.18,10440.0
2015-10-04,42372.0,,,,8.977990968893192,68.01705633344929,0.0,0.83,4.52,9.3,10440.0
2015-10-05,42372.0,,,,9.130621593442543,68.75923518008926,0.0,0.8541216216216215,4.588888888888889,9.44,10440.0
2015-10-06,42372.0,,,,9.025108223209454,68.0546789900899,0.0,0.85,4.6,9.4,10440.0
2015-10-07,42372.0,,,,8.897403260360656,67.88075610666422,0.0,0.86,4.59,9.233269880681425,10440.0
2015-10-08,42372.0,,,,8.814539419373085,68.10561845165445,0.0,0.84,4.47,9.049858490566036,10440.0
2015-10-09,42372.0,,,,8.569254434335521,67.67086144156885,0.0,0.8323699774266367,4.37,8.85,10440.0
2015-10-10,42372.0,,,,8.433675606352898,67.33851221875017,0.0,0.81,4.27168656716418,8.686096750698614,10440.0
2015-10-11,42372.0,,,,8.456360497384201,67.04113219495837,0.0,0.81,4.4,8.89,10440.0
2015-10-12,42372.0,,,,8.333911873672834,67.00564317812155,0.0,0.81,4.27,8.66,10440.0
2015-10-13,42372.0,,,,8.408130020352516,67.32594411965573,0.0,0.81,4.32,8.69,10440.0
2015-10-14,42372.0,,,,8.395912300923142,67.13562553070001,0.0,0.81,4.32,8.698697059813714,10440.0
2015-10-15,42372.0,,,,8.343285522145573,66.89949697124896,0.0,0.7998548387096774,4.3,8.67,10440.0
2015-10-16,42372.0,,,,8.416402957919464,67.13239486164122,0.0,0.8184202952952953,4.31,8.67,10440.0
2015-10-17,42372.0,,,,8.422484706098674,66.88324255434824,0.0,0.8,4.33,8.76,10440.0
2015-10-18,42372.0,,,,8.439023109605468,66.63112244121072,0.0,0.81,4.42,8.88,10440.0
2015-10-19,42372.0,,,,8.410692253986545,66.86465562564464,0.0,0.81,4.35,8.68,10440.0
2015-10-20,42372.0,,,,8.429074685465253,66.88316976397115,0.0,0.82,4.34,8.74,10440.0
2015-10-21,42372.0,,,,8.425712328842442,66.82701818400976,0.0,0.8048873873873874,4.34,8.730145696116285,10440.0
2015-10-22,42372.0,,,,8.469224267014486,67.10108604167483,0.0,0.82,4.32,8.761802524809475,10440.0
2015-10-23,42372.0,,,,8.530704239672987,67.29985798650812,0.0,0.81,4.36,8.752886939010358,10440.0
2015-10-24,42372.0,,,,8.568204187899367,66.93628304178075,0.0,0.8006617647058824,4.41,8.87,10440.0
2015-10-25,42372.0,,,,8.570582558089535,66.54080331658072,0.0,0.81,4.444186046511628,8.94,10440.0
2015-10-26,42372.0,,,,8.501219435318864,66.92737029378677,0.0,0.82,4.34,8.77,10440.0
2015-10-27,42372.0,,,,8.561790258369404,66.67507485780692,0.0,0.83,4.38,8.840929203539822,10440.0
2015-10-28,42372.0,,,,8.511485329395764,66.73793039738003,0.0,0.83,4.38,8.82,10440.0
2015-10-29,42372.0,,,,8.525485590682768,66.69378614614159,0.0,0.81,4.38,8.86,10440.0
2015-10-30,42372.0,,,,8.530549975914338,66.84809777796251,0.0,0.82,4.3776,8.84,10440.0
2015-10-31,42372.0,,,,8.489136607418159,66.91497923364582,0.0,0.8,4.41,8.98,10440.0
2015-11-01,42372.0,,,,8.541339973413145,66.58610203617334,0.0,0.8,4.48,9.14,10440.0
2015-11-02,42372.0,,,,8.420197227098422,66.5745312049412,0.0,0.8,4.37,8.87,10440.0
2015-11-03,42372.0,,,,8.466794329669382,66.76859442913734,0.0,0.8003920454545455,4.3966666666666665,8.93,10440.0
2015-11-04,42372.0,,,,8.512301589599021,67.11309426859113,0.0,0.8,4.4,8.92,10440.0
2015-11-05,42372.0,,,,8.532845545761136,66.98542946370566,0.0,0.82,4.41,8.93,10440.0
2015-11-06,42372.0,,,,8.58618759496307,66.94911731734835,0.0,0.83,4.44,8.92,10440.0
2015-11-07,42372.0,,,,8.76955938503886,67.20448916179033,0.0,0.8384172521467603,4.55,9.167987804878049,10440.0
2015-11-08,42372.0,,,,8.878262325236552,66.77157176244306,0.0,0.84,4.64,9.350310285433071,10440.0
2015-11-09,42372.0,,,,8.54990267673621,66.68453424411511,0.0,0.8164033742331288,4.37,8.93,10440.0
2015-11-10,42372.0,,,,8.375691522142866,66.15696300977373,0.0,0.8,4.35,8.85,10440.0
2015-11-11,42372.0,,,,8.446988015345271,66.45474719500095,0.0,0.8,4.38,8.94,10440.0
2015-11-12,42372.0,,,,8.490063593343114,66.59343174893353,0.0,0.8,4.44,8.98,10440.0
2015-11-13,42372.0,,,,8.508700136353792,66.53460822818768,0.0,0.7973269828926906,4.44,8.97,10440.0
2015-11-14,42372.0,,,,8.495305082240582,66.70018745522727,0.0,0.77,4.4,8.95,10440.0
2015-11-15,42372.0,,,,8.476113087874825,65.85417788235861,0.0,0.8,4.46,9.01,10440.0
2015-11-16,42372.0,,,,8.449955874359683,66.2908438221899,0.0,0.79,4.351111111111112,8.83,10440.0
2015-11-17,42372.0,,,,8.496991922964915,66.46063445157145,0.0,0.79,4.39,8.868113839285716,10440.0
2015-11-18,42372.0,,,,8.650886509924682,67.215878085658,0.0,0.81,4.432413793103448,8.933981481481482,10440.0
2015-11-19,42372.0,,,,8.525471258341792,66.93771657669822,0.0,0.81,4.364606299212598,8.84,10440.0
2015-11-20,42372.0,,,,8.494680318225535,66.65159608937877,0.0,0.8,4.38,8.85,10440.0
2015-11-21,42372.0,,,,8.509147213653657,66.71907867539824,0.0,0.79,4.4,8.97,10440.0
2015-11-22,42372.0,,,,8.541982932775243,66.52169864887449,0.0,0.79,4.44,9.03,10440.0
2015-11-23,42372.0,,,,8.428512811267485,66.38350233609181,0.0,0.79,4.34,8.76,10440.0
2015-11-24,42372.0,,,,8.437080213338561,66.66461869558205,0.0,0.79,4.35,8.810643513203214,10440.0
2015-11-25,42372.0,,,,8.493916605376057,66.88759260095335,0.0,0.79,4.38,8.91,10440.0
2015-11-26,42372.0,,,,8.475010364678308,66.52773390146419,0.0,0.78,4.42,9.03,10440.0
2015-11-27,42372.0,,,,8.596044206986614,66.80070714687136,0.0,0.76,4.45,9.18,10440.0
2015-11-28,42372.0,,,,8.660395162571037,66.73962363309701,0.0,0.7581879867831013,4.55,9.37,10440.0
2015-11-29,42372.0,,,,8.645350191038272,66.04895734141216,0.0,0.7730887600356825,4.56,9.46,10440.0
2015-11-30,42372.0,,,,8.591576648553826,66.50787666346594,0.0,0.74,4.44,9.16,10440.0
2015-12-01,42372.0,,,,8.603432479888626,66.85717175113672,0.0,0.7836322553897179,4.49,9.18,10440.0
2015-12-02,42372.0,,,,8.589823247036065,66.90148301195188,0.0,0.78,4.465267857142857,9.129250253822265,10440.0
2015-12-03,42372.0,,,,8.595941641067624,67.00136033288913,0.0,0.76,4.48,9.19,10440.0
2015-12-04,42372.0,,,,8.651542916973714,66.98402730422112,0.0,0.77,4.51,9.34,10440.0
2015-12-05,42372.0,,,,8.791804976468544,66.69918455825761,0.0,0.7652235099337747,4.64,9.634561128526645,10440.0
2015-12-06,42372.0,,,,8.908499445664397,67.3084472594641,0.0,0.76,4.722345679012346,9.829021739130434,10440.0
2015-12-07,42372.0,,,,8.801397204892599,67.44296992045693,0.0,0.77,4.611641791044777,9.51,10440.0
2015-12-08,42372.0,,,,8.807784384114777,67.06322130919527,0.0,0.77,4.645275590551181,9.57,10440.0
2015-12-09,42372.0,,,,8.87721069493334,67.73816558794137,0.0,0.7464306422836753,4.66,9.679777777777778,10440.0
2015-12-10,42372.0,,,,8.793040264367486,68.757089677777,0.0,0.75,4.545820433436532,9.46,10440.0
2015-12-11,42372.0,,,,8.716858673444941,67.26752288410904,0.0,0.7725476226188689,4.568518518518519,9.4,10440.0
2015-12-12,42372.0,,,,8.76101411520998,66.83410878263278,0.0,0.77,4.62,9.6,10440.0
2015-12-13,42372.0,,,,8.803621396838,66.13834665860614,0.0,0.7655525941719963,4.69,9.76,10440.0
2015-12-14,42372.0,,,,8.698687488604426,66.6302831255317,0.0,0.77,4.54,9.4,10440.0
2015-12-15,42372.0,,,,8.813349877644539,66.8767483102457,0.0,0.7611913799730925,4.6,9.58,10440.0
2015-12-16,42372.0,,,,8.89386668531714,67.15140410188009,0.0,0.76,4.65,9.68,10440.0
2015-12-17,42372.0,,,,9.023571750125985,66.95259367819837,0.0,0.77,4.75,9.934240157480314,10440.0
2015-12-18,42372.0,,,,9.18317919500736,67.55624531729222,0.0,0.77,4.8,10.03,10440.0
2015-12-19,42372.0,,,,9.164742682866905,66.9598067537012,0.0,0.78,4.86,10.16,10440.0
2015-12-20,42372.0,,,,9.079230928615384,66.40477634861655,0.0,0.75,4.87,10.2,10440.0
2015-12-21,42372.0,,,,9.040474303418021,66.79933512980567,0.0,0.79,4.84,10.01,10440.0
2015-12-22,42372.0,,,,8.966153657767423,66.59517358001973,0.0,0.7625138427464007,4.8,9.94,10440.0
2015-12-23,42372.0,,,,8.913466169406844,66.57923764646138,0.0,0.77,4.72,9.77,10440.0
2015-12-24,42372.0,,,,8.90511708019536,66.787121158958,0.0,0.7696561842813127,4.64,9.73,10440.0
2015-12-25,42372.0,,,,9.00718218618852,66.95229648622774,0.0,0.77,4.698402985074627,9.82,10440.0
2015-12-26,42372.0,,,,9.069994787689868,66.76896211657959,0.0,0.74,4.77,10.09,10440.0
2015-12-27,42372.0,,,,9.105429443718089,66.6988975478597,0.0,0.72,4.82,10.165698757763975,10440.0
2015-12-28,42372.0,,,,8.975445219105252,66.9198713631498,0.0,0.74,4.71,9.82,10440.0
2015-12-29,42372.0,,,,9.080340981313602,67.11774328600873,0.0,0.74,4.73,9.96,10440.0
2015-12-30,42372.0,,,,9.049548508722541,67.0225296165361,0.0,0.74,4.72,9.99330455031965,10440.0
2015-12-31,42372.0,,,,9.085660666247593,67.24509422053028,0.0,0.75,4.8,9.99,10440.0
2016-01-01,42372.0,,,,9.024282239244675,66.67544432752966,0.0,0.72,4.76,10.0925,10440.0
2016-01-02,42372.0,,,,8.797092627076154,48.4423828512127,0.0,0.72,4.76,9.95,5472.0
2016-01-03,42372.0,,,,9.107914528401357,88.99594399825448,0.0,0.74,4.82,10.09,16140.0
2016-01-04,42372.0,,,,8.81288209939915,103.10781102309113,0.0,0.75,4.57,9.33,19350.0
2016-01-05,42372.0,,,,8.847193578755588,99.54891555004029,0.0,0.74,4.55,9.35,18480.0
2016-01-06,42372.0,,,,8.8480013425309,100.25744622887598,0.0,0.73,4.51,9.34,18420.0
2016-01-07,42372.0,,,,8.864736531761332,98.66930299029305,0.0,0.74,4.59,9.41,18030.0
2016-01-08,42372.0,,,,8.926148464810643,96.40220484132395,0.0,0.73,4.61,9.54,17490.0
2016-01-09,42372.0,,,,9.119435789406921,94.44725784072878,0.0,0.72,4.69,9.83,16920.0
2016-01-10,42372.0,,,,9.219252233763832,75.44407293380911,0.0,0.76,4.92,10.32,12780.0
2016-01-11,42372.0,,,,8.983717015598039,86.06884211033751,0.0,0.72,4.74,9.8,15780.0
2016-01-12,42372.0,,,,9.2685268463268,85.4876421179302,0.0,0.72,4.75,10.02,14580.0
2016-01-13,42372.0,,,,9.247668716382147,86.7071640665263,0.0,0.73,4.74,10.04,15330.0
2016-01-14,42372.0,,,,9.361485253664716,81.48384649755243,0.0,0.75,4.86,10.1425,13500.0
2016-01-15,42372.0,,,,9.431099493922675,77.93587167251796,0.0,0.74,4.87,10.3025,12840.0
2016-01-16,42372.0,,,,9.424123304732806,73.8328340282368,0.0,0.74,4.96,10.43,11730.0
2016-01-17,42372.0,,,,9.417935998447104,70.92711750308014,0.0,0.73,5.01,10.68,11550.0
2016-01-18,42372.0,,,,9.223037199236376,65.07827677435581,0.0,0.75,4.93,10.26,9540.0
2016-01-19,42372.0,,,,9.273935471323897,54.30057680945609,0.0,0.75,4.91,10.3125,6000.0
2016-01-20,42372.0,,,,9.744763022074014,53.768211440383105,0.0,0.78,5.17,10.96,5040.0
2016-01-21,42372.0,,,,9.741918796907838,49.64957873410883,0.0,0.76,5.17,11.0,4892.0
2016-01-22,42372.0,,,,10.056658575734911,50.112263150096794,0.0,0.77,5.32,11.41,4896.0
2016-01-23,42372.0,,,,10.475744894041725,47.4199535665832,0.0,0.76,5.58,12.09,4626.0
2016-01-24,42372.0,,,,11.250059108233627,46.472209069493985,0.0,0.79,5.93,13.21,4896.0
2016-01-25,42372.0,,,,11.24627414649213,43.75722063944894,0.0,0.8,5.91,13.19,5070.0
2016-01-26,42372.0,,,,11.141376610553614,50.29772274515138,0.0,0.8,5.85,12.95,5040.0
2016-01-27,42372.0,,,,10.977095194902203,49.60861551985608,0.0,0.81,5.73,12.7,4752.0
2016-01-28,42372.0,,,,10.507600189598504,45.74845936406773,0.0,0.83,5.67,12.36,4782.0
2016-01-29,42372.0,,,,10.075523895767063,48.944558443160346,0.0,0.84,5.43,11.6825,5400.0
2016-01-30,42372.0,,,,9.992664944351032,46.025524197524454,0.0,0.86,5.51,11.76,5292.0
2016-01-31,42372.0,,,,9.980246364077924,41.36116661469462,0.0,0.87,5.62,12.03,5268.0
2016-02-01,42372.0,,,,10.437667913405344,44.5743723897191,0.0,0.85,5.78,12.5125,5526.0
2016-02-02,42372.0,,,,10.782900238105082,42.18206355660691,0.0,0.88,5.97,12.99,5250.0
2016-02-03,42372.0,,,,10.901046812957555,41.11932992032668,0.0,0.87,6.07,13.29,5298.0
2016-02-04,42372.0,,,,10.340946999740625,40.38347502917044,0.0,0.85,5.87,12.79,5484.0
2016-02-05,42372.0,,,,10.368929107599355,39.68894474730988,0.0,0.82,5.99,13.01,5502.0
2016-02-06,42372.0,,,,10.4985668675522,38.56623203196467,0.0,0.77,6.15,13.71,5502.0
2016-02-07,42372.0,,,,11.594505011233288,36.86234696150949,0.0,0.65,6.74,16.11,5280.0
2016-02-08,42372.0,,,,9.344151495184603,35.68935352567542,0.0,0.54,5.32,12.2125,5298.0
2016-02-09,42372.0,,,,8.94246409112158,36.7374793980374,0.0,0.55,5.07,11.63,5466.0
2016-02-10,42372.0,,,,8.706525250305953,37.37220158363899,0.0,0.59,4.94,11.13,5544.0
2016-02-11,42372.0,,,,8.715165160007263,37.57761826795182,0.0,0.62,4.99,11.15,5658.0
2016-02-12,42372.0,,,,8.39370115975678,36.9325221555319,0.0,0.67,4.96,10.6825,5616.0
2016-02-13,42372.0,,,,8.254135359099145,35.34136898570142,0.0,0.72,4.98,10.37,5292.0
2016-02-14,42372.0,,,,8.554572976701024,36.1213780764732,0.0,0.73,5.14,10.645,5154.0
2016-02-15,42372.0,,,,9.211648428287612,37.704770023411854,0.0,0.8,5.44,11.44,5196.0
2016-02-16,42372.0,,,,9.202008220444354,37.734553727611285,0.0,0.81,5.46,11.38,5190.0
2016-02-17,42372.0,,,,9.125757604491136,37.610151577804594,0.0,0.83,5.36,11.18,5178.0
2016-02-18,42372.0,,,,8.90892380001876,36.98644364644257,0.0,0.83,5.29,10.9,5220.0
2016-02-19,42372.0,,,,8.872406604611509,37.316482963708566,0.0,0.84,5.22,10.8,5202.0
2016-02-20,42372.0,,,,8.781842379138887,37.09941772594801,0.0,0.83,5.21,10.68,5202.0
2016-02-21,42372.0,,,,9.131796800782148,38.257848597568014,0.0,0.85,5.41,11.13,5172.0
2016-02-22,42372.0,,,,9.2208776553462,36.97612319948586,0.0,0.84,5.53,11.43,5142.0
2016-02-23,42372.0,,,,9.326443983884733,38.818261336630876,0.0,0.88,5.46,11.28,5190.0
2016-02-24,42372.0,,,,9.451859842706043,40.10962558014308,0.0,0.84,5.38,11.25,5160.0
2016-02-25,42372.0,,,,9.4556695283439,44.90591144441519,0.0,0.83,5.31,11.03,5106.0
2016-02-26,42372.0,,,,9.48919281817617,45.62369690232447,0.0,0.84,5.33,11.03,5244.0
2016-02-27,42372.0,,,,9.300054795548654,46.483795858784276,0.0,0.82,5.23,10.86,5544.0
2016-02-28,42372.0,,,,9.400682718699404,73.4862942019426,0.0,0.8274999999999999,5.19,10.8,11640.0
2016-02-29,42372.0,,,,9.182192959055675,82.91906861274524,0.0,0.8,4.89,10.12,14310.0
2016-03-01,42372.0,,,,9.227195905559366,84.48590082546671,0.0,0.81,4.95,10.19,14820.0
2016-03-02,42372.0,,,,9.07199028524682,78.94524262252956,0.0,0.79,4.87,10.032499999999999,12870.0
2016-03-03,42372.0,,,,8.981314804354088,94.01990083607956,0.0,0.78,4.8,9.77,16650.0
2016-03-04,42372.0,,,,8.615113104663592,60.20332716668372,0.0,0.76,4.69,9.49,7110.0
2016-03-05,42372.0,,,,8.752815279644379,89.30682231906108,0.0,0.77,4.71,9.51,15540.0
2016-03-06,42372.0,,,,8.76000855337481,89.61712915983223,0.0,0.76,4.74,9.66,15570.0
2016-03-07,42372.0,,,,8.640139586478263,103.50313870474936,0.0,0.75,4.51,9.05,18510.0
2016-03-08,42372.0,,,,8.59378757994555,85.33555379707897,0.0,0.75,4.53,9.09,14010.0
2016-03-09,42372.0,,,,8.657816699905778,57.66849787333426,0.0,0.77,4.71,9.47,6444.0
2016-03-10,42372.0,,,,9.632216968619463,103.84959306250458,0.0,0.74,4.99,10.33,18300.0
2016-03-11,42372.0,,,,9.70246582672193,87.37417531127635,0.0,0.74,5.08,10.49,13980.0
2016-03-12,42372.0,,,,10.023529942209716,92.19922541483794,0.0,0.74,5.22,10.97,14910.0
2016-03-13,42372.0,,,,10.113526639716927,83.9108755770523,0.0,0.72,5.3,11.39,13230.0
2016-03-14,42372.0,,,,9.550353965969308,89.18519934864754,0.0,0.75,4.99,10.36,14850.0
2016-03-15,42372.0,,,,9.708325748910536,105.38311406806469,0.0,0.75,5.02,10.46,19050.0
2016-03-16,42372.0,,,,9.727399991904894,98.33430355930032,0.0,0.74,5.0,10.49,17070.0
2016-03-17,42372.0,,,,9.524268193834134,94.39003105246225,0.0,0.74,4.92,10.28,16410.0
2016-03-18,42372.0,,,,9.3957930035175,112.09311967554581,0.0,0.74,4.82,9.98,20730.0
2016-03-19,42372.0,,,,9.35329583923432,121.93812813710261,0.0,0.73,4.83,9.89,22680.0
2016-03-20,42372.0,,,,9.531317700134815,128.6419449004447,0.0,0.73,4.93,10.27,24120.0
2016-03-21,42372.0,,,,9.477109539361395,126.93854890247047,0.0,0.72,4.8,9.88,23610.0
2016-03-22,42372.0,,,,9.588304992744364,130.49486158253086,0.0,0.73,4.82,9.95,24090.0
2016-03-23,42372.0,,,,9.608407249884976,121.41067599302868,0.0,0.719875296912114,4.85,10.0525,21870.0
2016-03-24,42372.0,,,,9.753364539959781,113.91693349191213,0.0,0.75,4.98,10.29,19800.0
2016-03-25,42372.0,,,,9.55618439805084,99.99642600316271,0.0,0.75,4.96,10.24,17400.0
2016-03-26,42372.0,,,,9.58778196936785,109.35818443156685,0.0,0.73,4.94,10.36,19305.0
2016-03-27,42372.0,,,,9.526842303386688,115.62996541246397,0.0,0.73,4.95,10.372499999999999,21210.0
2016-03-28,42372.0,,,,9.268847991109967,126.25186663456802,0.0,0.73,4.76,9.82,23760.0
2016-03-29,42372.0,,,,9.357228875814565,119.26922603595716,0.0,0.74,4.76,9.81,21570.0
2016-03-30,42372.0,,,,9.508465960170739,140.09411029795325,0.0,0.75,4.75,9.81,26250.0
2016-03-31,42372.0,,,,9.0478193531525,107.58852578071992,0.0,0.75,4.65,9.5,19170.0
2016-04-01,42372.0,,,,8.73964426739097,92.96252280542316,0.0,0.78,4.65,9.33,16140.0
2016-04-02,42372.0,,,,8.92765948514797,103.44889880959725,0.0,0.77,4.7,9.5,18180.0
2016-04-03,42372.0,,,,8.925237430116256,109.53697826830077,0.0,0.8,4.77,9.55,20190.0
2016-04-04,42372.0,,,,8.508982844112879,63.315406724001875,0.0,0.77,4.81,9.68,8580.0
2016-04-05,42372.0,,,,8.545197572549332,76.8080404715294,0.0,0.76,4.57,9.1,11880.0
2016-04-06,42372.0,,,,8.55558305888843,74.47838951590087,0.0,0.76,4.53,9.0,11460.0
2016-04-07,42372.0,,,,8.695525072001423,99.44921641386662,0.0,0.79,4.53,8.88,17280.0
2016-04-08,42372.0,,,,8.734130562530906,119.6410924942452,0.0,0.78,4.5,8.81,22470.0
2016-04-09,42372.0,,,,8.828091116666169,109.02274978981036,0.0,0.74,4.58,9.11,19620.0
2016-04-10,42372.0,,,,9.205658218195717,136.39936353125987,0.0,0.73,4.71,9.59,25980.0
2016-04-11,42372.0,,,,8.90375063624488,126.84013248919254,0.0,0.73,4.52,9.06,23820.0
2016-04-12,42372.0,,,,8.898362498169039,130.23231408838146,0.0,0.73,4.49,9.03,24480.0
2016-04-13,42372.0,,,,8.977874217383182,140.74024155858302,0.0,0.7,4.44,8.93,26700.0
2016-04-14,42372.0,,,,9.036918310239063,142.26897648496023,0.0,0.74,4.51,9.0,26850.0
2016-04-15,42372.0,,,,8.94426071918387,117.58935377825188,0.0,0.73,4.49,9.02,21420.0
2016-04-16,42372.0,,,,8.969791476817454,119.14869370951368,0.0,0.72,4.58,9.26,22320.0
2016-04-17,42372.0,,,,8.899731486335174,112.35364866113792,0.0,0.73,4.65,9.4525,21210.0
2016-04-18,42372.0,,,,8.741913866747234,123.12168591498884,0.0,0.7,4.45,8.91,23580.0
2016-04-19,42372.0,,,,8.71149915615733,113.17719035850291,0.0,0.71,4.43,8.89,21090.0
2016-04-20,42372.0,,,,8.72277431373988,110.02298308825895,0.0,0.74,4.44,8.81,20250.0
2016-04-21,42372.0,,,,8.897337521366747,115.9602506264153,0.0,0.76,4.46,8.8,21390.0
2016-04-22,42372.0,,,,8.49033278512613,78.64175959382537,0.0,0.75,4.37,8.51,12000.0
2016-04-23,42372.0,,,,8.791006187329053,106.47276814954961,0.0,0.7,4.4,8.9,19095.0
2016-04-24,42372.0,,,,9.035755864005973,137.18911839624374,0.0,0.7,4.53,9.01,26190.0
2016-04-25,42372.0,,,,8.765811261732203,131.1744816786193,0.0,0.7,4.29,8.56,24780.0
2016-04-26,42372.0,,,,8.884002633839803,137.1784804069471,0.0,0.7138297872340426,4.37,8.7,25920.0
2016-04-27,42372.0,,,,8.827134802838916,108.6502329536004,0.0,0.74,4.42,8.6725,19590.0
2016-04-28,42372.0,,,,8.545303762253603,100.60717126158805,0.0,0.73,4.3,8.43,17550.0
2016-04-29,42372.0,,,,8.569145468309337,127.850331037556,0.0,0.73,4.253333333333333,8.33,24150.0
2016-04-30,42372.0,,,,8.564725994698883,104.80262230949201,0.0,0.71,4.36,8.67,18600.0
2016-05-01,42372.0,,,,8.229474194147176,59.59232863758434,0.0,0.69,4.35,8.76,5516.0
2016-05-02,42372.0,,,,8.532352370798575,75.81869510866925,0.0,0.73,4.58,9.06,12780.0
2016-05-03,42372.0,,,,8.944011341681767,129.27900692383986,0.0,0.75,4.37,8.59,24060.0
2016-05-04,42372.0,,,,9.120731524900979,137.23342048290974,0.0,0.77,4.43,8.64,25500.0
2016-05-05,42372.0,,,,9.241588823629563,131.19734641405222,0.0,0.78,4.45,8.73,23910.0
2016-05-06,42372.0,,,,9.673259655317686,134.39386412351982,0.0,0.81,4.5975,9.08,24960.0
2016-05-07,42372.0,,,,9.806749849874404,117.82800957269484,0.0,0.81,4.71,9.54,21510.0
2016-05-08,42372.0,,,,9.807236012968321,130.3027859897439,0.0,0.79,4.71,9.47,24420.0
2016-05-09,42372.0,,,,9.772161313942872,123.72893980130394,0.0,0.8,4.62,9.28,22710.0
2016-05-10,42372.0,,,,9.555712962035065,121.54766270098659,0.0,0.77,4.53,9.11,22110.0
2016-05-11,42372.0,,,,8.635481595504196,123.72085787853561,0.0,0.74,4.25,8.32,23040.0
2016-05-12,42372.0,,,,8.636476101714715,131.18029787749387,0.0,0.72,4.24,8.32,24780.0
2016-05-13,42372.0,,,,8.949681035843433,118.39868688665362,0.0,0.74,4.37,8.49,21540.0
2016-05-14,42372.0,,,,9.171092265941178,129.91269880556175,0.0,0.74,4.45,8.75,24210.0
2016-05-15,42372.0,,,,9.835933916746198,144.29207627437074,0.0,0.76,4.67,9.372499999999999,27180.0
2016-05-16,42372.0,,,,8.721542408103712,133.25426046128456,0.0,0.7,4.2,8.29,24900.0
2016-05-17,42372.0,,,,8.58219254821638,134.65644312014578,0.0,0.71,4.18,8.15,25290.0
2016-05-18,42372.0,,,,8.492555057822436,129.0715798843372,0.0,0.69,4.18,8.16,24420.0
2016-05-19,42372.0,,,,8.480240844995516,125.93843358843402,0.0,0.68,4.14,8.21,23880.0
2016-05-20,42372.0,,,,8.697945553140173,130.03635314479666,0.0,0.73,4.22,8.28,24630.0
2016-05-21,42372.0,,,,8.825654587775,132.84131091471295,0.0,0.7,4.35,8.58,25110.0
2016-05-22,42372.0,,,,8.98003032771092,125.60252971501836,0.0,0.71,4.5,8.92,23430.0
2016-05-23,42372.0,,,,8.847565260339643,139.3735448084282,0.0,0.72,4.31,8.47,26790.0
2016-05-24,42372.0,,,,9.022359545597709,115.32569092607322,0.0,0.75,4.33,8.53,20820.0
2016-05-25,42372.0,,,,9.11856615005231,111.49854135017107,0.0,0.77,4.38,8.56,19650.0
2016-05-26,42372.0,,,,9.43398000523017,112.44658364600953,0.0,0.76,4.48,8.9,20250.0
2016-05-27,42372.0,,,,10.317661528007834,122.89445971894101,0.0,0.81,4.7,9.55,22050.0
2016-05-28,42372.0,,,,10.941009452983485,113.84054658448282,0.0,0.8,4.98,10.571875,20130.0
2016-05-29,42372.0,,,,11.530043921571865,132.1044710431624,0.0,0.82,5.16,11.21,24150.0
2016-05-30,42372.0,,,,10.973698744622135,132.0310297163729,0.0,0.81,4.9,10.44,24120.0
2016-05-31,42372.0,,,,11.479681177980352,113.05363986886445,0.0,0.84,5.13,11.19,19560.0
2016-06-01,42372.0,,,,12.323538138807699,73.44343403843985,0.0,0.89,5.47,12.94,9240.0
2016-06-02,42372.0,,,,10.633504462983327,57.03738018770991,0.0,0.83,5.03,11.03,6342.0
2016-06-03,42372.0,,,,10.032085278432513,65.07912804117659,0.0,0.83,4.83,9.87,6276.0
2016-06-04,42372.0,,,,10.67262714544001,75.26771158968691,0.0,0.82,5.01,10.68,9348.2875
2016-06-05,42372.0,,,,10.201671595192028,84.9200436224612,0.0,0.82,4.89,10.12,12464.36
2016-06-06,42372.0,,,,9.667036996598256,66.0160513411065,0.0,0.82,4.72,9.48,6414.0
2016-06-07,42372.0,,,,10.167220852377133,54.88158737353748,0.0,0.86,4.96,10.3,4926.0
2016-06-08,42372.0,,,,10.535111144808779,62.85142228971397,0.0,0.87,5.18,10.83,7638.0
2016-06-09,42372.0,,,,10.85580596894821,54.40179478131085,0.0,0.82,5.44,11.89,5886.0
2016-06-10,42372.0,,,,10.407945743986279,47.76550145579653,0.0,0.85,5.21,11.25,5814.0
2016-06-11,42372.0,,,,10.510745439255222,58.89333162877502,0.0,0.88,5.22,10.98,5586.0
2016-06-12,42372.0,,,,10.198677464192984,67.67466544674403,0.0,0.83,4.9,10.087115384615382,6438.0
2016-06-13,42372.0,,,,10.48703927656314,100.40995282712697,0.0,0.83,4.86,10.0925,16470.0
2016-06-14,42372.0,,,,10.246484923337281,99.10217740350527,0.0,0.78,4.76,9.81,16260.0
2016-06-15,42372.0,,,,11.01965711685804,101.93950432005056,0.0,0.84,4.93,10.63,16950.0
2016-06-16,42372.0,,,,11.377213334244122,89.89792049645098,0.0,0.86,5.1,11.272499999999999,13920.0
2016-06-17,42372.0,,,,10.407516635792433,95.79185899488843,0.0,0.8,4.87,10.1625,16020.0
2016-06-18,42372.0,,,,10.495809378032993,109.69670661470614,0.0,0.81,4.93,10.21,19500.0
2016-06-19,42372.0,,,,11.311564221927375,105.19511665618532,0.0,0.86,5.21,11.2,18060.0
2016-06-20,42372.0,,,,12.092559121307525,86.16695914414466,0.0,0.91,5.45,12.24,12690.0
2016-06-21,42372.0,,,,12.83383322594464,69.67273334568145,0.0,0.92,5.76,13.74,7650.0
2016-06-22,42372.0,,,,13.539040370096117,72.8374217629837,0.0,0.92,5.98,14.76,8040.0
2016-06-23,42372.0,,,,14.090633678355347,91.92566598745766,0.0,0.94,6.11,15.521785714285715,13440.0
2016-06-24,42372.0,,,,13.952726816981539,65.89976441756039,0.0,0.95,6.19,15.64,6696.0
2016-06-25,42372.0,,,,14.271799139995018,69.64550599203608,0.0,0.93,6.29,16.45,7860.0
2016-06-26,42372.0,,,,12.810677884016098,96.34870953159829,0.0,0.89,5.81,13.89,16110.0
2016-06-27,42372.0,,,,12.984163585988039,99.43590967869855,0.0,0.87,5.65,13.64,16020.0
2016-06-28,42372.0,,,,13.679301210235586,86.35129072786872,0.0,0.91,5.91,14.827,12120.0
2016-06-29,42372.0,,,,13.917320703626508,99.90329149543523,0.0,0.9,5.98,15.1,15930.0
2016-06-30,42372.0,,,,12.962441463533185,84.1553635403284,0.0,0.88,5.71,14.04,12600.0
2016-07-01,42372.0,,,,13.217955336056686,88.16784266468896,0.0,0.9,5.78,14.28,13950.0
2016-07-02,42372.0,,,,13.77122896068806,88.36497627478151,0.0,0.91,6.05,15.44,14160.0
2016-07-03,42372.0,,,,13.864803681272132,78.73903321586913,0.0,0.91,6.17,15.82,11640.0
2016-07-04,42372.0,,,,13.998792471428388,91.76579398185271,0.0,0.94,6.1,15.39,14340.0
2016-07-05,42372.0,,,,14.175185837532519,86.59629265202241,0.0,0.92,6.178888888888889,15.66,12270.0
2016-07-06,42372.0,,,,14.225990977770227,103.53288342800634,0.0,0.93,6.13,15.48,17220.0
2016-07-07,42372.0,,,,14.35124073875953,103.50779357999437,0.0,0.93,6.16,15.68,16860.0
2016-07-08,42372.0,,,,13.456019173112967,75.96001506979579,0.0,0.9,6.01,14.772499999999999,10290.0
2016-07-09,42372.0,,,,11.097043324203572,52.116365242196785,0.0,0.75,5.3,12.2,6198.0
2016-07-10,42372.0,,,,11.0755241267472,70.45355864572699,0.0,0.82,5.2,11.44,8340.0
2016-07-11,42372.0,,,,11.154017052616254,90.3289320449978,0.0,0.83,5.09,11.15,14550.0
2016-07-12,42372.0,,,,11.47956977510038,112.56363480121159,0.0,0.82,5.1,11.24,19350.0
2016-07-13,42372.0,,,,11.973825818565345,99.61227800678166,0.0,0.85,5.28,12.05,16230.0
2016-07-14,42372.0,,,,12.584687494146193,106.21927406297333,0.0,0.84,5.44,12.8425,17550.0
2016-07-15,42372.0,,,,13.12537156439898,100.18480933075267,0.0,0.88,5.66,13.6825,16290.0
2016-07-16,42372.0,,,,13.946530062357922,89.31600766442986,0.0,0.89,6.04,15.45,13800.0
2016-07-17,42372.0,,,,13.349578111838287,98.46441884153427,0.0,0.87,5.86,14.64,16590.0
2016-07-18,42372.0,,,,11.699419800405709,92.38853610622871,0.0,0.85,5.25,12.03,15360.0
2016-07-19,42372.0,,,,12.319710737671956,94.43954705331514,0.0,0.88,5.46,12.73,15360.0
2016-07-20,42372.0,,,,12.926159278043102,74.43720509436999,0.0,0.91,5.68,13.78,9480.0
2016-07-21,42372.0,,,,13.716655404976164,101.5183404939759,0.0,0.93,5.99,14.98,17280.0
2016-07-22,42372.0,,,,14.281881805203536,73.93887889924626,0.0,0.93,6.27,16.11932584269663,8370.0
2016-07-23,42372.0,,,,14.91722804618481,77.1118578062183,0.0,0.93,6.5,17.25,9480.0
2016-07-24,42372.0,,,,15.087821122369949,111.42016074283822,0.0,0.93,6.56,17.33,19440.0
2016-07-25,42372.0,,,,14.52063137802695,88.50310344005813,0.0,0.95,6.43,16.54,13590.0
2016-07-26,42372.0,,,,14.374575710026319,76.09153193895258,0.0,0.94,6.4,16.35,9150.0
2016-07-27,42372.0,,,,14.740429238876352,90.58911795634413,0.0,0.96,6.5,16.66,13290.0
2016-07-28,42372.0,,,,14.79090614947572,93.9624976630217,0.0,0.94,6.55,16.88,14760.0
2016-07-29,42372.0,,,,14.659239662710348,117.106306379944,0.0,0.94,6.33,16.19,20370.0
2016-07-30,42372.0,,,,14.707010429472177,100.66718378827547,0.0,0.9,6.31,16.58,16080.0
2016-07-31,42372.0,,,,14.60976394341061,102.16597269234997,0.0,0.93,6.4,16.55,17100.0
2016-08-01,42372.0,,,,14.084988047866243,96.45444797905937,0.0,0.93,6.21,15.71,16110.0
2016-08-02,42372.0,,,,13.434634390878072,73.65537058186136,0.0,0.9,5.82,14.68,9540.0
2016-08-03,42372.0,,,,13.95198406924394,109.90525675322348,0.0,0.96,5.96,15.04,18420.0
2016-08-04,42372.0,,,,14.12510991850114,100.21203076195195,0.0,0.9375,6.06,15.5,16470.0
2016-08-05,42372.0,,,,14.312742808065334,106.66639326403711,0.0,0.93,6.2,15.77,17820.0
2016-08-06,42372.0,,,,14.254426639855547,110.97828371177651,0.0,0.94,6.18,15.68,19470.0
2016-08-07,42372.0,,,,13.851288717200251,109.78861635503475,0.0,0.92,6.01,15.12,18720.0
2016-08-08,42372.0,,,,13.486583245507967,100.74785224184164,0.0,0.94,5.91,14.47,17040.0
2016-08-09,42372.0,,,,13.131798266693682,106.45698030674053,0.0,0.95,5.79,13.7,17730.0
2016-08-10,42372.0,,,,13.340990625396165,97.05454343713751,0.0,0.97,5.81,14.1425,16020.0
2016-08-11,42372.0,,,,12.444056879830098,107.03393799802194,0.0,0.91,5.63,13.0025,19050.0
2016-08-12,42372.0,,,,12.275612443556446,107.95349467038662,0.0,0.9,5.4,12.4725,18390.0
2016-08-13,42372.0,,,,11.53172297624299,97.26105197295556,0.0,0.86,5.22,11.65,15450.0
2016-08-14,42372.0,,,,12.019736475747548,112.38788875060489,0.0,0.91,5.34,12.16,19110.0
2016-08-15,42372.0,,,,12.60107816534119,114.44701065312685,0.0,0.95,5.57,13.0,20160.0
2016-08-16,42372.0,,,,12.723599312468039,112.71805718603555,0.0,0.96,5.74,13.3,19830.0
2016-08-17,42372.0,,,,12.208572422754944,72.0814507619537,0.0,0.95,5.77,13.13,9720.0
2016-08-18,42372.0,,,,12.119901804127394,72.83675952871259,0.0,0.96,5.6,12.8,9810.0
2016-08-19,42372.0,,,,12.860273720567754,88.92138809744894,0.0,0.94,5.73,13.62,13770.0
2016-08-20,42372.0,,,,13.434055707218365,79.17368330983791,0.0,0.95,5.91,14.4,9090.0
2016-08-21,42372.0,,,,13.87611101135856,124.78516715395483,0.0,0.93,6.04,14.92,22620.0
2016-08-22,42372.0,,,,14.464799006617485,117.94556647149354,0.0,0.95,6.14,15.37,19470.0
2016-08-23,42372.0,,,,14.873769927893235,107.79272839421158,0.0,0.97,6.33,15.87,16140.0
2016-08-24,42372.0,,,,14.829871047097074,99.26723065127193,0.0,0.97,6.53,16.61,15960.0
2016-08-25,42372.0,,,,15.162712107915755,135.05519992634572,0.0,0.9752857142857143,6.58,16.89,24540.0
2016-08-26,42372.0,,,,14.540992724663202,109.96545420135968,0.0,0.96,6.33,15.99,18690.0
2016-08-27,42372.0,,,,13.591571922454332,104.0780191090075,0.0,0.92,6.02,14.8,18000.0
2016-08-28,42372.0,,,,11.702007083925691,99.06561949412863,0.0,0.89,5.45,12.19,16950.0
2016-08-29,42372.0,,,,10.507018161387276,100.05777007523909,0.0,0.86,4.9,10.26,17610.0
2016-08-30,42372.0,,,,10.50825043693309,101.81820706650537,0.0,0.87,4.86,10.25,17730.0
2016-08-31,42372.0,,,,10.883448629894062,92.29717195808114,0.0,0.88,5.03,10.78,15330.0
2016-09-01,42372.0,,,,11.55329275017114,87.12314467982239,0.0,0.91,5.23,11.62,14040.0
2016-09-02,42372.0,,,,11.253671535389966,60.720555603311404,0.0,0.92,5.25,11.52,5946.0
2016-09-03,42372.0,,,,10.790519591519875,87.73447155376896,0.0,0.87,5.0,10.74,14640.0
2016-09-04,42372.0,,,,11.19665619525032,93.89928475782501,0.0,0.89,5.14,11.38,16320.0
2016-09-05,42372.0,,,,11.501415723084312,100.519185152204,0.0,0.91,5.11,11.4225,17100.0
2016-09-06,42372.0,,,,11.65980982116086,117.73210777289624,0.0,0.94,5.2,11.61,21210.0
2016-09-07,42372.0,,,,11.353842039466905,103.51689414672501,0.0,0.91,5.12,11.300625,17940.0
2016-09-08,42372.0,,,,11.04599597062797,100.3444077167608,0.0,0.9,5.02,10.73,16710.0
2016-09-09,42372.0,,,,10.71411644888617,106.9252014766132,0.0,0.89,4.93,10.28,18570.0
2016-09-10,42372.0,,,,10.731356364180014,72.27825631802538,0.0,0.88,5.0,10.74,9420.0
2016-09-11,42372.0,,,,10.692234464926592,84.50520431855625,0.0,0.85,4.98,10.63,13320.0
2016-09-12,42372.0,,,,9.493875358588587,83.17799645652171,0.0,0.84,4.51,9.05,13050.0
2016-09-13,42372.0,,,,9.651695119189274,89.30997401639405,0.0,0.86,4.55,9.04,14520.0
2016-09-14,42372.0,,,,9.762287409292618,69.5502754564693,0.0,0.83,4.75,9.63,9570.0
2016-09-15,42372.0,,,,8.66381664488911,38.12036605135761,0.0,0.67,4.53,9.49,3234.0
2016-09-16,42372.0,,,,9.694985159656683,57.274773737389516,0.0,0.83,4.83,9.98,8040.0
2016-09-17,42372.0,,,,10.403189077635089,89.81149190502131,0.0,0.86,4.96,10.4,14880.0
2016-09-18,42372.0,,,,10.165188748603429,94.4060509399448,0.0,0.935,4.89,9.94,15525.0
2016-09-19,42372.0,,,,9.927161279007246,99.73789716955905,0.0,0.83,4.59,9.45,16170.0
2016-09-20,42372.0,,,,9.393970232763806,99.2375269025823,0.0,0.82,4.48,8.93,16710.0
2016-09-21,42372.0,,,,9.121908270445216,96.6372907820487,0.0,0.8,4.44,8.73,16410.0
2016-09-22,42372.0,,,,9.216038744250552,94.30189133228812,0.0,0.83,4.46,8.76,15540.0
2016-09-23,42372.0,,,,9.422032582080247,102.95867571915923,0.0,0.79,4.47,8.85,17880.0
2016-09-24,42372.0,,,,9.448291336292124,70.27777928845126,0.0,0.83,4.63,9.3,9540.0
2016-09-25,42372.0,,,,9.828726531786534,84.81642174037752,0.0,0.81,4.67,9.532499999999999,12510.0
2016-09-26,42372.0,,,,9.900222750375768,86.35582336712612,0.0,0.84,4.6,9.4025,13710.0
2016-09-27,42372.0,,,,10.239160847199505,91.67914143925444,0.0,0.84,4.79,9.96,15420.0
2016-09-28,42372.0,,,,9.047091587229945,76.0008112568517,0.0,0.64,4.34,9.24,11520.0
2016-09-29,42372.0,,,,9.498368400799313,67.63123066788553,0.0,0.81,4.66,9.4,7620.0
2016-09-30,42372.0,,,,9.947078580887965,61.42197478291847,0.0,0.88,4.81,9.7,6672.0
2016-10-01,42372.0,,,,9.93648883117552,62.19762045888223,0.0,0.82,4.84,10.08,6684.0
2016-10-02,42372.0,,,,9.794673490031926,54.36374948877944,0.0,0.81,4.79,10.11,6570.0
2016-10-03,42372.0,,,,10.359697517250444,81.12928212800719,0.0,0.81,4.82,10.28,12390.0
2016-10-04,42372.0,,,,10.528715828445389,90.43048598815592,0.0,0.84,4.86,10.41,14880.0
2016-10-05,42372.0,,,,10.181002235045986,83.10562488347043,0.0,0.83,4.8,10.14,12900.0
2016-10-06,42372.0,,,,9.792593028834805,86.8637575289769,0.0,0.81,4.7,9.61,13200.0
2016-10-07,42372.0,,,,9.945760925534406,79.47210674303898,0.0,0.81,4.8,9.79,11130.0
2016-10-08,42372.0,,,,9.746993485762037,88.66189054495031,0.0,0.82,4.63,9.29,13950.0
2016-10-09,42372.0,,,,8.398840885912323,82.47917924090001,0.0,0.75,4.34,8.34,13080.0
2016-10-10,42372.0,,,,8.21546157806093,87.9282614428162,0.0,0.71,4.24,8.2,14100.0
2016-10-11,42372.0,,,,8.255504029344651,82.59384044014604,0.0,0.73,4.24,8.22,12810.0
2016-10-12,42372.0,,,,8.346251196717013,93.49568547097321,0.0,0.73,4.22,8.2,15240.0
2016-10-13,42372.0,,,,8.41982576042589,85.65038546152327,0.0,0.74,4.22,8.12,12480.0
2016-10-14,42372.0,,,,8.264528669648236,73.63116791755161,0.0,0.72,4.18,8.02,8670.0
2016-10-15,42372.0,,,,8.489602739751568,65.08770509138562,0.0,0.77,4.36,8.36,6738.0
2016-10-16,42372.0,,,,8.914066005227047,78.88192367592777,0.0,0.77,4.53,8.81,11760.0
2016-10-17,42372.0,,,,8.915541277845609,82.10154861384468,0.0,0.78,4.38,8.49,12450.0
2016-10-18,42372.0,,,,8.74104387604468,78.90127471176514,0.0,0.77,4.39,8.532499999999999,12390.0
2016-10-19,42372.0,,,,8.697656147824839,72.27886961453751,0.0,0.78,4.34,8.46,10680.0
2016-10-20,42372.0,,,,9.090138027485395,78.68854382287063,0.0,0.79,4.47,8.69,11490.0
2016-10-21,42372.0,,,,9.3719615078024,88.90035167429757,0.0,0.76,4.47,8.93,14520.0
2016-10-22,42372.0,,,,9.558414757669324,77.13702747307804,0.0,0.77,4.63,9.36,11370.0
2016-10-23,42372.0,,,,9.72212426410846,75.51047240500192,0.0,0.8,4.77,9.66,11100.0
2016-10-24,42372.0,,,,8.549687383237966,81.12903155500923,0.0,0.74,4.29,8.41,13560.0
2016-10-25,42372.0,,,,9.063730038756432,79.11151760957411,0.0,0.78,4.42,8.68,11940.0
2016-10-26,42372.0,,,,9.422790765192614,80.57090400046398,0.0,0.8,4.53,9.0125,12480.0
2016-10-27,42372.0,,,,9.895963811871727,91.5893326397878,0.0,0.83,4.66,9.38,15180.0
2016-10-28,42372.0,,,,9.955084582921483,87.76908573903654,0.0,0.86,4.71,9.54,14970.0
2016-10-29,42372.0,,,,8.890537422645194,83.8429298135869,0.0,0.78,4.45,8.78,14100.0
2016-10-30,42372.0,,,,8.383516939022462,78.41779711846364,0.0,0.75,4.37,8.4725,12480.0
2016-10-31,42372.0,,,,8.248311630321911,70.64303978045886,0.0,0.75,4.27,8.09,9990.0
Avg_Consumption,42372.0,,,,9.822088461987859,82.03459202530625,0.0,1.85685082205029,5.521358800773694,10.082606382978737,11377.32591876209
Median_Consumption,42372.0,,,,8.428423800038127,66.37162136075547,0.0,0.96,4.73,9.08,10440.0
Max_Consumption,42372.0,,,,162.15548186774285,7357.100909522733,0.0,11.16,23.005000000000003,37.64,800003.32
Min_Consumption,42372.0,,,,1.09192816010573,16.919321973411467,0.0,0.0,0.0,0.67,3234.0
Std_Consumption,42372.0,,,,10.556292502796493,393.0455413220008,0.0,1.3065114507746975,2.9430169840308924,5.20891629451633,65786.62519398444
Variance_Consumption,42372.0,,,,154592.58694745202,21626821.6183732,0.0,1.7069721826487414,8.661348978962437,27.13280899277722,4327880054.413788
Consumption_Range,42372.0,,,,161.06355370763714,7357.035983981672,0.0,10.76,22.16,36.41,800003.32
Consumption_CV,42372.0,,,,1.4703144650354416,3.6133642364158693,0.0,0.3432503427867436,0.5377642327742804,0.9883109127102212,32.155870381627075
Peak_Average_Ratio,42372.0,,,,24.987959043271566,104.29479777222834,0.0,2.6346862416305292,3.7559131661048557,6.749588476854431,1034.0
Zero_Consumption_Days,42372.0,,,,183.9062588501841,335.3749494196265,0.0,0.0,6.0,155.0,1034.0
Zero_Consumption_Percentage,42372.0,,,,17.78590511123637,32.43471464406445,0.0,0.0,0.5802707930367506,14.990328820116051,100.0
Low_Consumption_Days,42372.0,,,,182.42178797318985,291.49372792592635,0.0,2.0,29.0,226.0,1033.0
Low_Consumption_Percentage,42372.0,,,,17.64233926239747,28.190882778136004,0.0,0.1934235976789168,2.804642166344294,21.8568665377176,99.90328820116056
First_30_Day_Avg,42372.0,,,,8.521019711277098,108.59172063726852,0.0,0.5493333333333333,4.025833333333333,8.896833333333335,17166.672000000002
Last_30_Day_Avg,42372.0,,,,9.138667326958105,78.99847512573504,0.0,1.094166666666667,4.815166666666666,8.926999999999998,12206.0
Long_Term_Change,42372.0,,,,0.6176476156810067,92.30188649674217,-17160.699333333334,-1.7854166666666675,0.0,2.342,2889.333333333333
Long_Term_Change_Percentage,42372.0,,,,3068.741130518341,125181.37821637862,-100.0,-33.25618624065543,0.0,42.473818646232544,18873800.0
Sudden_Drop_Days,42372.0,,,,31.65571603889361,40.39772168266795,0.0,6.0,17.0,41.0,487.0
Sudden_Spike_Days,42372.0,,,,58.44805531955065,51.730480756508356,0.0,19.0,46.0,85.0,486.0
Largest_Drop_Percentage,42372.0,,,,-85.11906371516783,25.192614700986955,-100.0,-100.0,-100.0,-76.07826562577695,0.0
Largest_Spike_Percentage,42372.0,,,,9084.729755525024,341200.8068903044,0.0,201.09480839372839,475.0,1922.7597402597403,48572299.99999999
Consumption_Trend,42372.0,,,,0.0007949693368116259,0.12134413690948426,-21.989410247297823,-0.0009349394621705,0.00036102640557615,0.003281755620436175,4.224905020213046
Summer_Avg,42372.0,,,,9.434901210004016,81.12686972566266,0.0,1.6629853479853487,5.167435897435892,9.48291208791209,12726.978021978022
Monsoon_Avg,42372.0,,,,11.36926452514612,87.8938404218922,0.0,1.918573369565216,6.083414855072464,11.762939311594202,11868.532608695652
Winter_Avg,42372.0,,,,8.81508486221142,61.643884582687996,0.0,1.648837792642139,5.190837690129294,9.547468147794236,9343.04347826087
Seasonal_Variation,42372.0,,,,4.5891158262771174,56.58610390069104,0.0,0.5257052555248105,1.616717984109282,3.7973907782176446,6864.827471993108
Consumption_Stability_Score,42372.0,,,,0.5587838864298014,0.23343499364890544,0.0,0.4539976434222798,0.6289180262427017,0.7251551016265327,0.9988840299259328
Behavioural_Anomaly_Score,42372.0,,,,0.2650000292153078,0.31733228708028927,0.0,0.0502901353965183,0.1170212765957446,0.3288201160541585,1.0000000000000002
Consumption_Consistency,42372.0,,,,-0.5200879003228954,3.5996290924962,-31.155870381627075,0.0,0.4099676614846982,0.6209846724065635,0.9988827831453568
Theft_Flag,42372.0,,,,0.08531577456811101,0.27935431790607285,0.0,0.0,0.0,0.0,1.0
Behaviour_Cluster,42372.0,,,,0.017063154913622203,0.12950829894210417,0.0,0.0,0.0,0.0,1.0
